Date,Open,High,Low,Close,Volume
2016-10-03 00:00:00-04:00,40.869998931884766,41.20000076293945,40.15999984741211,40.59000015258789,6925000
2016-10-04 00:00:00-04:00,41.29999923706055,41.29999923706055,40.439998626708984,40.779998779296875,5046600
2016-10-05 00:00:00-04:00,40.95000076293945,40.95000076293945,40.400001525878906,40.439998626708984,6128200
2016-10-06 00:00:00-04:00,40.31999969482422,40.38999938964844,39.86000061035156,40.18000030517578,6312000
2016-10-07 00:00:00-04:00,40.41999816894531,40.41999816894531,39.619998931884766,39.880001068115234,6109900
2016-10-10 00:00:00-04:00,40.130001068115234,40.16999816894531,39.59000015258789,39.86000061035156,6636700
2016-10-11 00:00:00-04:00,40.029998779296875,40.11000061035156,38.959999084472656,39.189998626708984,9955700
2016-10-12 00:00:00-04:00,39.77000045776367,39.79999923706055,39.29999923706055,39.529998779296875,7039900
2016-10-13 00:00:00-04:00,39.38999938964844,39.400001525878906,38.75,39.20000076293945,7865200
2016-10-14 00:00:00-04:00,39.459999084472656,39.88999938964844,39.22999954223633,39.2400016784668,6647600
2016-10-17 00:00:00-04:00,39.2400016784668,39.619998931884766,39.15999984741211,39.47999954223633,5279500
2016-10-18 00:00:00-04:00,40.0,40.18000030517578,39.779998779296875,39.83000183105469,5475900
2016-10-19 00:00:00-04:00,39.970001220703125,40.470001220703125,39.84000015258789,40.2400016784668,6587700
2016-10-20 00:00:00-04:00,40.22999954223633,40.290000915527344,39.81999969482422,40.09000015258789,13337500
2016-10-21 00:00:00-04:00,41.849998474121094,44.2400016784668,41.84000015258789,44.150001525878906,37554700
2016-10-24 00:00:00-04:00,44.0,44.52000045776367,43.13999938964844,43.869998931884766,19079000
2016-10-25 00:00:00-04:00,43.65999984741211,44.06999969482422,43.0,43.310001373291016,9463900
2016-10-26 00:00:00-04:00,43.0,43.209999084472656,42.310001373291016,42.33000183105469,10918800
2016-10-27 00:00:00-04:00,42.54999923706055,42.56999969482422,41.62099838256836,41.689998626708984,9447300
2016-10-28 00:00:00-04:00,41.97999954223633,41.97999954223633,41.06999969482422,41.7599983215332,11979200
2016-10-31 00:00:00-04:00,41.779998779296875,42.0,41.36000061035156,41.65999984741211,7160000
2016-11-01 00:00:00-04:00,41.68000030517578,42.29499816894531,41.290000915527344,41.540000915527344,9399000
2016-11-02 00:00:00-04:00,41.43000030517578,41.56999969482422,41.08000183105469,41.349998474121094,7920600
2016-11-03 00:00:00-04:00,41.31999969482422,41.5,40.91999816894531,41.189998626708984,6239900
2016-11-04 00:00:00-04:00,40.29999923706055,41.48500061035156,40.29999923706055,40.900001525878906,6541300
2016-11-07 00:00:00-05:00,41.52000045776367,41.650001525878906,41.060001373291016,41.279998779296875,7904900
2016-11-08 00:00:00-05:00,41.41999816894531,42.150001525878906,41.09000015258789,41.58000183105469,6968100
2016-11-09 00:00:00-05:00,40.599998474121094,41.470001220703125,40.58000183105469,41.2599983215332,9744400
2016-11-10 00:00:00-05:00,41.900001525878906,41.900001525878906,39.58000183105469,40.45000076293945,12097600
2016-11-11 00:00:00-05:00,40.77000045776367,40.77000045776367,39.79999923706055,40.08000183105469,10775700
2016-11-14 00:00:00-05:00,40.400001525878906,40.400001525878906,38.45000076293945,38.810001373291016,17877800
2016-11-15 00:00:00-05:00,39.040000915527344,39.47999954223633,38.900001525878906,38.939998626708984,16037800
2016-11-16 00:00:00-05:00,39.04999923706055,39.209999084472656,38.709999084472656,39.06999969482422,12730900
2016-11-17 00:00:00-05:00,39.119998931884766,40.05500030517578,38.95000076293945,39.880001068115234,9758500
2016-11-18 00:00:00-05:00,40.08000183105469,40.56999969482422,39.90999984741211,40.08000183105469,9521500
2016-11-21 00:00:00-05:00,40.119998931884766,40.77000045776367,40.11600112915039,40.630001068115234,6667200
2016-11-22 00:00:00-05:00,40.9900016784668,41.099998474121094,39.95000076293945,40.33000183105469,7734700
2016-11-23 00:00:00-05:00,40.310001373291016,40.43000030517578,39.849998474121094,40.04999923706055,5770600
2016-11-25 00:00:00-05:00,40.400001525878906,40.560001373291016,39.9900016784668,40.2599983215332,2324300
2016-11-28 00:00:00-05:00,40.2599983215332,40.4900016784668,39.92499923706055,39.959999084472656,4170600
2016-11-29 00:00:00-05:00,40.06999969482422,40.36000061035156,39.790000915527344,39.88999938964844,5083700
2016-11-30 00:00:00-05:00,40.099998474121094,40.18000030517578,39.18000030517578,39.279998779296875,8420700
2016-12-01 00:00:00-05:00,39.560001373291016,39.68000030517578,38.18000030517578,38.34000015258789,11265600
2016-12-02 00:00:00-05:00,38.34000015258789,38.75,38.060001373291016,38.619998931884766,6335200
2016-12-05 00:00:00-05:00,38.849998474121094,39.34000015258789,38.650001525878906,38.9900016784668,5053900
2016-12-06 00:00:00-05:00,39.22999954223633,39.2599983215332,38.709999084472656,38.97999954223633,5954500
2016-12-07 00:00:00-05:00,39.08000183105469,39.459999084472656,38.79999923706055,39.45000076293945,7012000
2016-12-08 00:00:00-05:00,39.68000030517578,40.0,39.45000076293945,39.61000061035156,6102600
2016-12-09 00:00:00-05:00,39.70000076293945,39.790000915527344,39.375,39.650001525878906,3923700
2016-12-12 00:00:00-05:00,39.599998474121094,39.900001525878906,39.349998474121094,39.43000030517578,4474500
2016-12-13 00:00:00-05:00,39.54999923706055,39.744998931884766,39.38999938964844,39.43000030517578,6385900
2016-12-14 00:00:00-05:00,39.459999084472656,39.88999938964844,39.459999084472656,39.54999923706055,4658700
2016-12-15 00:00:00-05:00,39.79999923706055,40.290000915527344,39.349998474121094,39.540000915527344,6418900
2016-12-16 00:00:00-05:00,39.900001525878906,39.900001525878906,39.119998931884766,39.31999969482422,9786300
2016-12-19 00:00:00-05:00,39.400001525878906,39.79999923706055,39.11000061035156,39.439998626708984,4268600
2016-12-20 00:00:00-05:00,39.61000061035156,39.7400016784668,39.2599983215332,39.7400016784668,3637200
2016-12-21 00:00:00-05:00,39.84000015258789,40.7400016784668,39.81999969482422,40.09000015258789,6768200
2016-12-22 00:00:00-05:00,40.040000915527344,40.09000015258789,39.540000915527344,39.68000030517578,5065000
2016-12-23 00:00:00-05:00,39.81999969482422,39.869998931884766,39.47999954223633,39.58000183105469,3378100
2016-12-27 00:00:00-05:00,39.5,40.08000183105469,39.43000030517578,39.720001220703125,2660100
2016-12-28 00:00:00-05:00,39.7599983215332,40.029998779296875,39.529998779296875,39.56999969482422,3292400
2016-12-29 00:00:00-05:00,39.540000915527344,40.16999816894531,39.540000915527344,39.959999084472656,3708000
2016-12-30 00:00:00-05:00,39.959999084472656,40.06999969482422,39.34000015258789,39.470001220703125,5012100
2017-01-03 00:00:00-05:00,40.290000915527344,40.97999954223633,40.0,40.25,8247400
2017-01-04 00:00:00-05:00,40.349998474121094,41.029998779296875,40.04499816894531,41.0,6806400
2017-01-05 00:00:00-05:00,41.43000030517578,41.720001220703125,41.040000915527344,41.060001373291016,6432000
2017-01-06 00:00:00-05:00,41.2400016784668,41.63999938964844,40.790000915527344,41.45000076293945,5586400
2017-01-09 00:00:00-05:00,41.4900016784668,41.5099983215332,41.11000061035156,41.400001525878906,3943900
2017-01-10 00:00:00-05:00,41.400001525878906,41.54999923706055,41.06999969482422,41.08000183105469,4174900
2017-01-11 00:00:00-05:00,41.22999954223633,41.380001068115234,40.834999084472656,41.279998779296875,4425300
2017-01-12 00:00:00-05:00,41.279998779296875,41.60499954223633,40.91999816894531,41.560001373291016,3840500
2017-01-13 00:00:00-05:00,41.650001525878906,41.84000015258789,41.529998779296875,41.599998474121094,3917700
2017-01-17 00:00:00-05:00,41.599998474121094,41.709999084472656,41.20000076293945,41.27000045776367,5932900
2017-01-18 00:00:00-05:00,41.40999984741211,41.4900016784668,41.11000061035156,41.349998474121094,4706000
2017-01-19 00:00:00-05:00,41.25,41.68000030517578,41.029998779296875,41.27000045776367,4717600
2017-01-20 00:00:00-05:00,41.38999938964844,41.720001220703125,41.29999923706055,41.689998626708984,6868500
2017-01-23 00:00:00-05:00,41.86000061035156,42.11000061035156,41.25,41.619998931884766,8497100
2017-01-24 00:00:00-05:00,41.95000076293945,42.040000915527344,41.529998779296875,41.959999084472656,6106500
2017-01-25 00:00:00-05:00,42.36000061035156,42.439998626708984,41.65999984741211,41.709999084472656,8604000
2017-01-26 00:00:00-05:00,42.36000061035156,42.5,41.28499984741211,41.5,11838100
2017-01-27 00:00:00-05:00,41.0,41.20000076293945,39.91999816894531,40.27000045776367,22749200
2017-01-30 00:00:00-05:00,40.16999816894531,40.27000045776367,39.41999816894531,39.86000061035156,11486000
2017-01-31 00:00:00-05:00,39.70000076293945,40.0099983215332,39.45000076293945,39.779998779296875,9100100
2017-02-01 00:00:00-05:00,39.959999084472656,40.0,39.11000061035156,39.310001373291016,8860400
2017-02-02 00:00:00-05:00,39.400001525878906,39.84000015258789,39.02000045776367,39.58000183105469,8736800
2017-02-03 00:00:00-05:00,39.790000915527344,39.93000030517578,39.54999923706055,39.59000015258789,7131100
2017-02-06 00:00:00-05:00,39.63999938964844,39.83000183105469,39.34000015258789,39.7400016784668,8206400
2017-02-07 00:00:00-05:00,40.0099983215332,40.34000015258789,39.70000076293945,40.02000045776367,7956300
2017-02-08 00:00:00-05:00,40.18000030517578,40.9900016784668,39.91999816894531,40.880001068115234,7399000
2017-02-09 00:00:00-05:00,40.439998626708984,40.994998931884766,40.29999923706055,40.83000183105469,6467600
2017-02-10 00:00:00-05:00,40.81999969482422,40.86000061035156,40.560001373291016,40.58000183105469,6248200
2017-02-13 00:00:00-05:00,40.83000183105469,41.29999923706055,40.7400016784668,41.16999816894531,6260900
2017-02-14 00:00:00-05:00,41.18000030517578,41.630001068115234,40.939998626708984,41.619998931884766,6496400
2017-02-15 00:00:00-05:00,41.689998626708984,41.93000030517578,41.27000045776367,41.869998931884766,7124600
2017-02-16 00:00:00-05:00,41.869998931884766,42.310001373291016,41.70000076293945,42.150001525878906,5730800
2017-02-17 00:00:00-05:00,41.91999816894531,42.29999923706055,41.79999923706055,41.959999084472656,5106000
2017-02-21 00:00:00-05:00,41.93000030517578,42.560001373291016,41.900001525878906,42.43000030517578,5874700
2017-02-22 00:00:00-05:00,42.29999923706055,42.529998779296875,42.119998931884766,42.41999816894531,4316200
2017-02-23 00:00:00-05:00,42.369998931884766,42.66999816894531,42.15999984741211,42.529998779296875,5456300
2017-02-24 00:00:00-05:00,42.11000061035156,43.06999969482422,41.83000183105469,43.06999969482422,6769500
2017-02-27 00:00:00-05:00,42.88999938964844,42.88999938964844,42.349998474121094,42.63999938964844,5026700
2017-02-28 00:00:00-05:00,42.4900016784668,42.4900016784668,41.9900016784668,42.0,6956800
2017-03-01 00:00:00-05:00,42.310001373291016,42.52000045776367,41.9900016784668,42.43000030517578,6003800
2017-03-02 00:00:00-05:00,42.400001525878906,42.86000061035156,42.20000076293945,42.77000045776367,4572300
2017-03-03 00:00:00-05:00,42.70000076293945,43.040000915527344,42.58000183105469,43.029998779296875,4214400
2017-03-06 00:00:00-05:00,42.97999954223633,43.029998779296875,42.630001068115234,42.869998931884766,6032800
2017-03-07 00:00:00-05:00,42.79999923706055,43.20000076293945,42.709999084472656,42.88999938964844,4404700
2017-03-08 00:00:00-05:00,42.84000015258789,43.18000030517578,42.720001220703125,42.790000915527344,4573900
2017-03-09 00:00:00-05:00,42.65999984741211,43.0,42.45000076293945,42.91999816894531,3487900
2017-03-10 00:00:00-05:00,43.189998626708984,43.279998779296875,42.7599983215332,42.9900016784668,4636200
2017-03-13 00:00:00-04:00,42.869998931884766,42.96500015258789,42.45000076293945,42.59000015258789,5526900
2017-03-14 00:00:00-04:00,42.5099983215332,42.63999938964844,41.7400016784668,42.099998474121094,5888000
2017-03-15 00:00:00-04:00,42.290000915527344,42.56999969482422,41.88999938964844,42.38999938964844,4291800
2017-03-16 00:00:00-04:00,42.5,42.58000183105469,42.13999938964844,42.400001525878906,3998600
2017-03-17 00:00:00-04:00,42.56999969482422,43.29999923706055,42.369998931884766,43.08000183105469,12307900
2017-03-20 00:00:00-04:00,43.099998474121094,43.31999969482422,42.810001373291016,43.15999984741211,6686900
2017-03-21 00:00:00-04:00,43.33000183105469,43.400001525878906,42.459999084472656,42.63999938964844,7758400
2017-03-22 00:00:00-04:00,42.595001220703125,43.2400016784668,42.45000076293945,43.189998626708984,6513300
2017-03-23 00:00:00-04:00,43.130001068115234,43.61000061035156,43.0,43.13999938964844,7176400
2017-03-24 00:00:00-04:00,43.47999954223633,43.494998931884766,42.935001373291016,43.130001068115234,5739500
2017-03-27 00:00:00-04:00,42.689998626708984,43.20000076293945,42.58000183105469,43.08000183105469,3850300
2017-03-28 00:00:00-04:00,42.869998931884766,43.25,42.84000015258789,43.150001525878906,4396500
2017-03-29 00:00:00-04:00,43.150001525878906,43.29999923706055,42.959999084472656,43.2400016784668,3951100
2017-03-30 00:00:00-04:00,43.150001525878906,43.79999923706055,43.0,43.540000915527344,5691700
2017-03-31 00:00:00-04:00,43.439998626708984,43.47999954223633,43.0099983215332,43.02000045776367,5177500
2017-04-03 00:00:00-04:00,43.20000076293945,43.29999923706055,42.5099983215332,42.630001068115234,7773000
2017-04-04 00:00:00-04:00,42.7400016784668,42.7400016784668,42.2599983215332,42.720001220703125,4681800
2017-04-05 00:00:00-04:00,42.83000183105469,43.34299850463867,42.7400016784668,42.88999938964844,5292300
2017-04-06 00:00:00-04:00,42.900001525878906,43.0,42.720001220703125,42.900001525878906,5395400
2017-04-07 00:00:00-04:00,42.88999938964844,43.17499923706055,42.709999084472656,43.040000915527344,4861200
2017-04-10 00:00:00-04:00,43.06999969482422,43.54999923706055,43.0099983215332,43.04999923706055,4579500
2017-04-11 00:00:00-04:00,42.9900016784668,43.09000015258789,42.61000061035156,42.689998626708984,4856300
2017-04-12 00:00:00-04:00,42.099998474121094,42.810001373291016,42.060001373291016,42.4900016784668,5800100
2017-04-13 00:00:00-04:00,42.5,42.88999938964844,42.31999969482422,42.54999923706055,3631400
2017-04-17 00:00:00-04:00,42.599998474121094,43.13999938964844,42.599998474121094,43.099998474121094,3151600
2017-04-18 00:00:00-04:00,43.20000076293945,43.20000076293945,42.86000061035156,43.09000015258789,3711600
2017-04-19 00:00:00-04:00,43.029998779296875,43.470001220703125,42.900001525878906,43.29999923706055,4913900
2017-04-20 00:00:00-04:00,43.31999969482422,43.79999923706055,43.2599983215332,43.689998626708984,4811200
2017-04-21 00:00:00-04:00,43.86000061035156,44.0,43.599998474121094,43.810001373291016,5595700
2017-04-24 00:00:00-04:00,44.09000015258789,44.279998779296875,43.95000076293945,44.27000045776367,4643800
2017-04-25 00:00:00-04:00,44.4900016784668,45.0099983215332,44.349998474121094,44.709999084472656,7827900
2017-04-26 00:00:00-04:00,45.040000915527344,45.040000915527344,44.25,44.40999984741211,9846900
2017-04-27 00:00:00-04:00,47.25,48.099998474121094,46.75,47.150001525878906,34420200
2017-04-28 00:00:00-04:00,47.029998779296875,47.755001068115234,46.869998931884766,47.720001220703125,11642800
2017-05-01 00:00:00-04:00,47.38999938964844,47.7130012512207,47.31999969482422,47.540000915527344,14537500
2017-05-02 00:00:00-04:00,47.40999984741211,49.06999969482422,47.400001525878906,49.04999923706055,16820800
2017-05-03 00:00:00-04:00,49.15999984741211,49.290000915527344,48.625,49.02000045776367,11613100
2017-05-04 00:00:00-04:00,48.93000030517578,49.380001068115234,48.81999969482422,48.90999984741211,7148800
2017-05-05 00:00:00-04:00,48.619998931884766,49.439998626708984,48.400001525878906,49.29999923706055,4876200
2017-05-08 00:00:00-04:00,49.43000030517578,49.45000076293945,48.810001373291016,49.16999816894531,6641000
2017-05-09 00:00:00-04:00,49.060001373291016,49.369998931884766,48.900001525878906,49.220001220703125,4774000
2017-05-10 00:00:00-04:00,49.18000030517578,49.79999923706055,49.01499938964844,49.790000915527344,6507700
2017-05-11 00:00:00-04:00,49.630001068115234,49.709999084472656,49.11000061035156,49.70000076293945,5547700
2017-05-12 00:00:00-04:00,49.58000183105469,49.75,49.2400016784668,49.369998931884766,4933700
2017-05-15 00:00:00-04:00,49.310001373291016,50.0,49.25,49.77000045776367,4705900
2017-05-16 00:00:00-04:00,49.630001068115234,50.349998474121094,49.56999969482422,50.34000015258789,5347200
2017-05-17 00:00:00-04:00,49.869998931884766,50.099998474121094,49.025001525878906,49.04999923706055,6598400
2017-05-18 00:00:00-04:00,49.029998779296875,49.58000183105469,48.88999938964844,49.11000061035156,9932100
2017-05-19 00:00:00-04:00,49.150001525878906,49.709999084472656,49.060001373291016,49.38999938964844,7813800
2017-05-22 00:00:00-04:00,49.45000076293945,49.880001068115234,49.349998474121094,49.77000045776367,13144900
2017-05-23 00:00:00-04:00,49.900001525878906,50.18000030517578,49.77000045776367,50.130001068115234,7134200
2017-05-24 00:00:00-04:00,50.22999954223633,51.08000183105469,50.13999938964844,51.04999923706055,6274800
2017-05-25 00:00:00-04:00,50.77000045776367,51.130001068115234,50.63999938964844,50.93000030517578,4950500
2017-05-26 00:00:00-04:00,51.040000915527344,51.38999938964844,50.88999938964844,51.189998626708984,4780800
2017-05-30 00:00:00-04:00,50.959999084472656,51.279998779296875,50.86000061035156,51.060001373291016,5550300
2017-05-31 00:00:00-04:00,51.130001068115234,52.2400016784668,50.880001068115234,52.209999084472656,11107200
2017-06-01 00:00:00-04:00,52.47999954223633,53.38999938964844,52.474998474121094,53.15999984741211,13898300
2017-06-02 00:00:00-04:00,53.439998626708984,53.63999938964844,53.08000183105469,53.52000045776367,9121800
2017-06-05 00:00:00-04:00,53.77000045776367,54.06999969482422,53.59000015258789,53.79999923706055,9656400
2017-06-06 00:00:00-04:00,53.75,53.79999923706055,53.15999984741211,53.400001525878906,6308000
2017-06-07 00:00:00-04:00,53.29999923706055,53.939998626708984,53.2599983215332,53.849998474121094,6368700
2017-06-08 00:00:00-04:00,54.029998779296875,54.43000030517578,53.45000076293945,54.38999938964844,6369900
2017-06-09 00:00:00-04:00,54.650001525878906,55.13999938964844,52.849998474121094,53.400001525878906,11174100
2017-06-12 00:00:00-04:00,52.810001373291016,52.900001525878906,51.43000030517578,52.15999984741211,15765600
2017-06-13 00:00:00-04:00,52.290000915527344,52.48500061035156,51.70000076293945,52.060001373291016,10411800
2017-06-14 00:00:00-04:00,52.0,52.505001068115234,51.53499984741211,51.900001525878906,7132500
2017-06-15 00:00:00-04:00,51.439998626708984,52.380001068115234,50.83000183105469,52.290000915527344,12401600
2017-06-16 00:00:00-04:00,52.040000915527344,52.15999984741211,51.58000183105469,51.84000015258789,10931000
2017-06-19 00:00:00-04:00,52.279998779296875,53.0,52.11000061035156,52.93000030517578,5643900
2017-06-20 00:00:00-04:00,52.84000015258789,53.22999954223633,52.43000030517578,52.52000045776367,4578700
2017-06-21 00:00:00-04:00,52.9900016784668,53.58000183105469,52.61000061035156,53.540000915527344,8016500
2017-06-22 00:00:00-04:00,53.709999084472656,53.95100021362305,52.86000061035156,53.869998931884766,9673000
2017-06-23 00:00:00-04:00,53.81999969482422,54.529998779296875,53.689998626708984,54.33000183105469,6257300
2017-06-26 00:00:00-04:00,54.439998626708984,55.099998474121094,53.650001525878906,53.7400016784668,4890300
2017-06-27 00:00:00-04:00,53.599998474121094,53.790000915527344,52.63999938964844,52.72999954223633,7706800
2017-06-28 00:00:00-04:00,52.75,54.439998626708984,52.650001525878906,54.38999938964844,7934300
2017-06-29 00:00:00-04:00,53.810001373291016,54.099998474121094,52.52000045776367,53.41999816894531,11616200
2017-06-30 00:00:00-04:00,53.599998474121094,54.25,53.290000915527344,53.66999816894531,8235000
2017-07-03 00:00:00-04:00,54.13999938964844,54.33000183105469,52.83000183105469,52.869998931884766,4831300
2017-07-05 00:00:00-04:00,53.0,54.75,52.939998626708984,54.61000061035156,9800600
2017-07-06 00:00:00-04:00,54.220001220703125,54.35100173950195,53.150001525878906,53.470001220703125,7447900
2017-07-07 00:00:00-04:00,53.70000076293945,54.47999954223633,53.52000045776367,53.970001220703125,4948100
2017-07-10 00:00:00-04:00,54.90999984741211,55.41999816894531,54.70000076293945,54.939998626708984,10469600
2017-07-11 00:00:00-04:00,54.91999816894531,55.20000076293945,54.33000183105469,54.7599983215332,9011500
2017-07-12 00:00:00-04:00,56.599998474121094,57.44499969482422,55.54999923706055,56.54999923706055,17490800
2017-07-13 00:00:00-04:00,57.29999923706055,57.90999984741211,56.79999923706055,57.900001525878906,14795500
2017-07-14 00:00:00-04:00,58.13999938964844,58.630001068115234,56.915000915527344,57.15999984741211,11777100
2017-07-17 00:00:00-04:00,57.529998779296875,57.599998474121094,57.02000045776367,57.58000183105469,5803300
2017-07-18 00:00:00-04:00,57.5,58.959999084472656,57.310001373291016,58.959999084472656,9477500
2017-07-19 00:00:00-04:00,58.310001373291016,58.619998931884766,57.54999923706055,58.349998474121094,9706700
2017-07-20 00:00:00-04:00,58.75,59.380001068115234,58.43000030517578,59.09000015258789,8057400
2017-07-21 00:00:00-04:00,59.0,59.33000183105469,58.59000015258789,58.66999816894531,7545000
2017-07-24 00:00:00-04:00,58.900001525878906,59.06999969482422,58.34000015258789,58.58000183105469,6429300
2017-07-25 00:00:00-04:00,58.72999954223633,58.83000183105469,58.189998626708984,58.2599983215332,8514000
2017-07-26 00:00:00-04:00,58.47999954223633,58.939998626708984,57.900001525878906,58.790000915527344,13615600
2017-07-27 00:00:00-04:00,61.0,61.29999923706055,57.69200134277344,60.150001525878906,22713400
2017-07-28 00:00:00-04:00,59.79999923706055,60.709999084472656,59.040000915527344,59.20000076293945,10800800
2017-07-31 00:00:00-04:00,59.369998931884766,59.63999938964844,58.52000045776367,58.54999923706055,7400700
2017-08-01 00:00:00-04:00,59.0,59.38999938964844,58.790000915527344,59.34000015258789,9079100
2017-08-02 00:00:00-04:00,59.66999816894531,59.709999084472656,58.439998626708984,59.119998931884766,6517300
2017-08-03 00:00:00-04:00,59.15999984741211,59.279998779296875,58.36000061035156,58.41999816894531,6260000
2017-08-04 00:00:00-04:00,58.619998931884766,58.93000030517578,58.31999969482422,58.86000061035156,6174100
2017-08-07 00:00:00-04:00,59.18000030517578,59.63999938964844,58.84000015258789,59.619998931884766,5887600
2017-08-08 00:00:00-04:00,59.61000061035156,59.880001068115234,59.25,59.47999954223633,6001900
2017-08-09 00:00:00-04:00,58.970001220703125,59.72999954223633,58.59000015258789,59.66999816894531,6023900
2017-08-10 00:00:00-04:00,59.2400016784668,59.369998931884766,57.810001373291016,58.02000045776367,9571200
2017-08-11 00:00:00-04:00,57.849998474121094,58.25,57.58000183105469,58.040000915527344,6961800
2017-08-14 00:00:00-04:00,58.61000061035156,59.2760009765625,58.270999908447266,59.060001373291016,7561800
2017-08-15 00:00:00-04:00,59.29999923706055,59.97999954223633,59.22999954223633,59.689998626708984,6483500
2017-08-16 00:00:00-04:00,59.95000076293945,60.70000076293945,59.599998474121094,60.290000915527344,5747000
2017-08-17 00:00:00-04:00,60.150001525878906,60.279998779296875,59.290000915527344,59.290000915527344,6744200
2017-08-18 00:00:00-04:00,59.36000061035156,59.81999969482422,58.939998626708984,59.439998626708984,4653300
2017-08-21 00:00:00-04:00,59.33000183105469,59.650001525878906,58.755001068115234,59.400001525878906,4243200
2017-08-22 00:00:00-04:00,59.720001220703125,61.0,59.439998626708984,60.84000015258789,5835700
2017-08-23 00:00:00-04:00,60.29999923706055,60.5099983215332,59.81999969482422,60.04999923706055,4532000
2017-08-24 00:00:00-04:00,60.220001220703125,60.43000030517578,59.11000061035156,60.0,4045300
2017-08-25 00:00:00-04:00,60.33000183105469,60.58000183105469,59.61000061035156,59.970001220703125,4087400
2017-08-28 00:00:00-04:00,60.310001373291016,60.529998779296875,59.810001373291016,60.529998779296875,4660600
2017-08-29 00:00:00-04:00,59.81999969482422,61.15999984741211,59.630001068115234,61.0099983215332,4359300
2017-08-30 00:00:00-04:00,61.04999923706055,61.86000061035156,60.88999938964844,61.77000045776367,5696000
2017-08-31 00:00:00-04:00,62.0,62.02899932861328,61.16999816894531,61.68000030517578,6145800
2017-09-01 00:00:00-04:00,61.97999954223633,62.22999954223633,61.382999420166016,61.459999084472656,3440400
2017-09-05 00:00:00-04:00,61.2599983215332,61.75,60.58000183105469,61.27000045776367,5501200
2017-09-06 00:00:00-04:00,61.7400016784668,61.9900016784668,60.900001525878906,61.2400016784668,5350900
2017-09-07 00:00:00-04:00,61.33000183105469,62.130001068115234,61.279998779296875,62.0,5022700
2017-09-08 00:00:00-04:00,61.939998626708984,62.0,61.099998474121094,61.130001068115234,4942600
2017-09-11 00:00:00-04:00,61.72999954223633,63.2599983215332,61.619998931884766,62.63999938964844,8266300
2017-09-12 00:00:00-04:00,62.95000076293945,63.119998931884766,62.150001525878906,62.560001373291016,6276600
2017-09-13 00:00:00-04:00,62.470001220703125,62.75,61.58000183105469,62.040000915527344,6380900
2017-09-14 00:00:00-04:00,62.040000915527344,62.369998931884766,61.709999084472656,62.2400016784668,5697800
2017-09-15 00:00:00-04:00,62.27000045776367,62.79999923706055,61.959999084472656,62.5,9940900
2017-09-18 00:00:00-04:00,62.619998931884766,63.529998779296875,62.52000045776367,62.91999816894531,7688000
2017-09-19 00:00:00-04:00,63.0099983215332,63.92499923706055,62.959999084472656,63.83000183105469,7774000
2017-09-20 00:00:00-04:00,63.9900016784668,64.87000274658203,63.83000183105469,64.73999786376953,11903600
2017-09-21 00:00:00-04:00,64.66999816894531,64.94999694824219,63.904998779296875,64.62999725341797,6727300
2017-09-22 00:00:00-04:00,64.33000183105469,65.23999786376953,64.11000061035156,65.08000183105469,6743800
2017-09-25 00:00:00-04:00,65.0,65.0,62.3650016784668,63.5,13156900
2017-09-26 00:00:00-04:00,63.709999084472656,63.762001037597656,62.84000015258789,62.939998626708984,8551900
2017-09-27 00:00:00-04:00,63.40999984741211,63.75,63.15999984741211,63.33000183105469,7380700
2017-09-28 00:00:00-04:00,63.619998931884766,64.05500030517578,63.11000061035156,63.93000030517578,4148000
2017-09-29 00:00:00-04:00,63.86000061035156,64.16999816894531,63.5,64.02999877929688,6891300
2017-10-02 00:00:00-04:00,64.5,65.12000274658203,64.0999984741211,64.18000030517578,5163300
2017-10-03 00:00:00-04:00,64.51000213623047,64.51000213623047,63.76100158691406,64.22000122070312,5633100
2017-10-04 00:00:00-04:00,64.30000305175781,64.30000305175781,63.689998626708984,64.01000213623047,4438800
2017-10-05 00:00:00-04:00,64.37999725341797,66.0,64.22000122070312,65.81999969482422,7445700
2017-10-06 00:00:00-04:00,66.0,66.41000366210938,65.79000091552734,66.05000305175781,6122000
2017-10-09 00:00:00-04:00,66.19999694824219,66.55000305175781,65.9000015258789,66.2300033569336,5517900
2017-10-10 00:00:00-04:00,66.5999984741211,66.66999816894531,65.79000091552734,66.04000091552734,5831800
2017-10-11 00:00:00-04:00,67.25,68.41999816894531,66.9800033569336,67.77999877929688,12005600
2017-10-12 00:00:00-04:00,68.0199966430664,68.9800033569336,67.80500030517578,68.86000061035156,8888300
2017-10-13 00:00:00-04:00,69.48999786376953,69.61000061035156,68.0,68.66000366210938,8640700
2017-10-16 00:00:00-04:00,69.04000091552734,69.19999694824219,67.27999877929688,67.30999755859375,9581800
2017-10-17 00:00:00-04:00,67.6500015258789,67.66999816894531,66.3499984741211,66.66999816894531,10844000
2017-10-18 00:00:00-04:00,67.4000015258789,67.5,67.0,67.26000213623047,7994300
2017-10-19 00:00:00-04:00,67.30000305175781,67.44999694824219,66.16000366210938,67.25,14546400
2017-10-20 00:00:00-04:00,71.33000183105469,71.7300033569336,69.69000244140625,70.97000122070312,34282800
2017-10-23 00:00:00-04:00,71.0199966430664,71.33000183105469,69.55000305175781,69.80000305175781,12232500
2017-10-24 00:00:00-04:00,69.7300033569336,70.56500244140625,69.66999816894531,70.20999908447266,12280400
2017-10-25 00:00:00-04:00,69.94000244140625,71.41999816894531,69.8499984741211,71.0199966430664,12755800
2017-10-26 00:00:00-04:00,71.45999908447266,72.06999969482422,71.04000091552734,71.33999633789062,8015100
2017-10-27 00:00:00-04:00,71.72000122070312,71.79000091552734,70.58000183105469,71.05999755859375,9256600
2017-10-30 00:00:00-04:00,71.44999694824219,71.54000091552734,70.52999877929688,71.1500015258789,7216000
2017-10-31 00:00:00-04:00,71.33999633789062,72.73999786376953,71.11000061035156,72.55999755859375,7555300
2017-11-01 00:00:00-04:00,72.77999877929688,72.98999786376953,71.69000244140625,72.37999725341797,6655600
2017-11-02 00:00:00-04:00,72.45999908447266,72.7760009765625,72.01000213623047,72.25,4535600
2017-11-03 00:00:00-04:00,72.37000274658203,73.41000366210938,71.94000244140625,73.38999938964844,6726400
2017-11-06 00:00:00-05:00,73.72000122070312,74.76000213623047,73.41999816894531,74.73999786376953,10156300
2017-11-07 00:00:00-05:00,75.16999816894531,75.44999694824219,74.19000244140625,74.41000366210938,7026600
2017-11-08 00:00:00-05:00,74.0,75.0,73.30999755859375,74.7699966430664,7593100
2017-11-09 00:00:00-05:00,74.0199966430664,74.19999694824219,72.41000366210938,74.0999984741211,8875500
2017-11-10 00:00:00-05:00,73.7699966430664,74.13999938964844,73.55999755859375,73.98999786376953,5714600
2017-11-13 00:00:00-05:00,73.61000061035156,74.29000091552734,73.33999633789062,74.02999877929688,5843600
2017-11-14 00:00:00-05:00,74.0999984741211,74.81999969482422,73.62000274658203,74.48999786376953,6281500
2017-11-15 00:00:00-05:00,74.30000305175781,74.4000015258789,73.18499755859375,73.43000030517578,6232500
2017-11-16 00:00:00-05:00,75.5,77.94000244140625,75.27999877929688,77.69999694824219,12856500
2017-11-17 00:00:00-05:00,78.01000213623047,78.01000213623047,75.80000305175781,76.37999725341797,11886700
2017-11-20 00:00:00-05:00,76.5999984741211,77.31999969482422,75.87999725341797,76.01000213623047,6841800
2017-11-21 00:00:00-05:00,77.08999633789062,78.43000030517578,76.8499984741211,77.7699966430664,10603100
2017-11-22 00:00:00-05:00,77.9000015258789,77.98999786376953,76.62000274658203,77.56999969482422,8073500
2017-11-24 00:00:00-05:00,77.80999755859375,78.9000015258789,77.69999694824219,78.56999969482422,4306600
2017-11-27 00:00:00-05:00,78.62999725341797,79.38500213623047,77.70999908447266,77.83999633789062,6780900
2017-11-28 00:00:00-05:00,77.94999694824219,78.2300033569336,77.24400329589844,77.79000091552734,8741500
2017-11-29 00:00:00-05:00,77.94999694824219,77.9800033569336,71.66999816894531,73.25,25202100
2017-11-30 00:00:00-05:00,73.7699966430664,75.87000274658203,73.54000091552734,75.7300033569336,15962000
2017-12-01 00:00:00-05:00,75.22000122070312,76.44000244140625,74.26000213623047,75.30000305175781,13387800
2017-12-04 00:00:00-05:00,75.58999633789062,75.74400329589844,68.61000061035156,70.97000122070312,26283600
2017-12-05 00:00:00-05:00,69.80999755859375,72.75,69.61000061035156,71.19999694824219,16634000
2017-12-06 00:00:00-05:00,70.88999938964844,73.19999694824219,70.83000183105469,73.13999938964844,9331400
2017-12-07 00:00:00-05:00,73.25,74.06900024414062,73.25,73.69000244140625,7937700
2017-12-08 00:00:00-05:00,74.70999908447266,74.70999908447266,72.5999984741211,72.91000366210938,8350400
2017-12-11 00:00:00-05:00,72.95999908447266,73.68000030517578,72.55999755859375,73.29000091552734,6421900
2017-12-12 00:00:00-05:00,73.44999694824219,74.30999755859375,73.0,73.62000274658203,6573500
2017-12-13 00:00:00-05:00,74.08000183105469,75.41999816894531,73.7699966430664,74.08999633789062,7196400
2017-12-14 00:00:00-05:00,74.5,75.52999877929688,74.19999694824219,74.26000213623047,7519600
2017-12-15 00:00:00-05:00,74.81999969482422,75.87000274658203,73.51000213623047,75.6500015258789,12543900
2017-12-18 00:00:00-05:00,76.30000305175781,76.3499984741211,75.19999694824219,75.31999969482422,8361100
2017-12-19 00:00:00-05:00,75.38999938964844,75.38999938964844,73.91000366210938,74.5,7753100
2017-12-20 00:00:00-05:00,74.63999938964844,74.9000015258789,73.76000213623047,74.0,6121300
2017-12-21 00:00:00-05:00,74.19000244140625,74.47000122070312,73.80000305175781,74.0199966430664,4763900
2017-12-22 00:00:00-05:00,73.80000305175781,74.04000091552734,72.9000015258789,73.88999938964844,3895000
2017-12-26 00:00:00-05:00,73.29000091552734,74.33999633789062,72.62999725341797,74.2699966430664,4919100
2017-12-27 00:00:00-05:00,74.25,74.93000030517578,74.0,74.58999633789062,4461500
2017-12-28 00:00:00-05:00,74.95999908447266,75.0,73.86000061035156,74.16999816894531,3810200
2017-12-29 00:00:00-05:00,73.91999816894531,74.52999877929688,73.58000183105469,73.62000274658203,4496600
2018-01-02 00:00:00-05:00,74.23500061035156,74.5,73.43000030517578,73.83999633789062,7296500
2018-01-03 00:00:00-05:00,74.30000305175781,76.8499984741211,74.05000305175781,76.75,9945400
2018-01-04 00:00:00-05:00,77.33000183105469,77.92900085449219,76.26000213623047,76.7300033569336,8650000
2018-01-05 00:00:00-05:00,77.11000061035156,78.93000030517578,77.01000213623047,78.69999694824219,11822100
2018-01-08 00:00:00-05:00,78.69999694824219,79.18000030517578,77.77300262451172,79.05000305175781,7963600
2018-01-09 00:00:00-05:00,80.0999984741211,80.38999938964844,78.5199966430664,79.19000244140625,9620400
2018-01-10 00:00:00-05:00,78.5,79.48500061035156,77.69999694824219,79.37000274658203,6248600
2018-01-11 00:00:00-05:00,79.44999694824219,79.87000274658203,78.91000366210938,79.75,6267500
2018-01-12 00:00:00-05:00,80.0,80.7699966430664,79.66000366210938,80.54000091552734,6891100
2018-01-16 00:00:00-05:00,80.94999694824219,81.80000305175781,79.94000244140625,80.41999816894531,9596600
2018-01-17 00:00:00-05:00,80.4000015258789,82.61000061035156,79.95999908447266,82.47000122070312,7146900
2018-01-18 00:00:00-05:00,82.43000030517578,83.44000244140625,81.61000061035156,82.94000244140625,7395100
2018-01-19 00:00:00-05:00,83.2300033569336,84.19000244140625,83.12799835205078,83.83999633789062,8783500
2018-01-22 00:00:00-05:00,84.0,84.20999908447266,83.22000122070312,83.9800033569336,7560500
2018-01-23 00:00:00-05:00,84.12000274658203,84.55000305175781,83.44999694824219,84.20999908447266,9736400
2018-01-24 00:00:00-05:00,84.5199966430664,85.29000091552734,82.70999908447266,83.70999908447266,8735700
2018-01-25 00:00:00-05:00,84.0,85.2699966430664,83.70999908447266,84.33999633789062,7268300
2018-01-26 00:00:00-05:00,84.45999908447266,85.48999786376953,84.04000091552734,85.44999694824219,7840300
2018-01-29 00:00:00-05:00,85.19999694824219,85.3499984741211,83.62000274658203,84.30999755859375,8198900
2018-01-30 00:00:00-05:00,83.0,84.16999816894531,82.0,83.77999877929688,7864500
2018-01-31 00:00:00-05:00,84.18000030517578,86.31999969482422,84.16000366210938,85.31999969482422,15221400
2018-02-01 00:00:00-05:00,79.94999694824219,80.94999694824219,76.69999694824219,78.4000015258789,44271600
2018-02-02 00:00:00-05:00,78.0999984741211,79.62000274658203,76.27999877929688,76.56999969482422,21979800
2018-02-05 00:00:00-05:00,75.94999694824219,78.9800033569336,74.68000030517578,74.70500183105469,18810600
2018-02-06 00:00:00-05:00,72.62999725341797,76.51499938964844,72.25,75.68000030517578,19739600
2018-02-07 00:00:00-05:00,75.3499984741211,77.58000183105469,74.94000244140625,75.58999633789062,11988000
2018-02-08 00:00:00-05:00,75.62999725341797,75.91000366210938,72.2699966430664,72.31999969482422,13665400
2018-02-09 00:00:00-05:00,73.13999938964844,75.2699966430664,71.62999725341797,74.75,14339400
2018-02-12 00:00:00-05:00,75.48999786376953,76.27999877929688,74.85199737548828,75.27999877929688,10419600
2018-02-13 00:00:00-05:00,74.80999755859375,75.5999984741211,74.55000305175781,74.97000122070312,7743600
2018-02-14 00:00:00-05:00,74.18000030517578,77.36000061035156,74.12999725341797,77.2699966430664,8955800
2018-02-15 00:00:00-05:00,78.01000213623047,78.30000305175781,76.58000183105469,78.29499816894531,9311000
2018-02-16 00:00:00-05:00,78.19999694824219,78.75,77.52999877929688,78.37000274658203,9740300
2018-02-20 00:00:00-05:00,77.69999694824219,78.54000091552734,76.66000366210938,77.05999755859375,6875400
2018-02-21 00:00:00-05:00,77.19999694824219,78.49600219726562,76.46499633789062,76.51000213623047,8260400
2018-02-22 00:00:00-05:00,76.80000305175781,78.37000274658203,76.7699966430664,77.69999694824219,6632300
2018-02-23 00:00:00-05:00,78.26000213623047,79.69999694824219,77.39099884033203,79.69000244140625,7520700
2018-02-26 00:00:00-05:00,80.0,80.05000305175781,78.9800033569336,79.3499984741211,7130700
2018-02-27 00:00:00-05:00,79.11000061035156,79.92900085449219,78.61000061035156,79.45999908447266,8862000
2018-02-28 00:00:00-05:00,79.9000015258789,82.16999816894531,79.38999938964844,79.41000366210938,10799500
2018-03-01 00:00:00-05:00,79.5999984741211,80.44000244140625,77.87999725341797,78.63999938964844,8443300
2018-03-02 00:00:00-05:00,77.5199966430664,79.11000061035156,76.93000030517578,78.87000274658203,9426200
2018-03-05 00:00:00-05:00,78.06999969482422,79.41999816894531,77.08999633789062,79.06999969482422,6653000
2018-03-06 00:00:00-05:00,79.33000183105469,79.94999694824219,78.8499984741211,79.2300033569336,7477800
2018-03-07 00:00:00-05:00,78.6500015258789,79.55500030517578,78.01000213623047,79.5199966430664,5546700
2018-03-08 00:00:00-05:00,79.8499984741211,80.48999786376953,79.52999877929688,79.87000274658203,6878600
2018-03-09 00:00:00-05:00,80.26000213623047,80.8499984741211,80.11000061035156,80.70999908447266,7667600
2018-03-12 00:00:00-04:00,80.75,81.16999816894531,80.3499984741211,80.5999984741211,6607600
2018-03-13 00:00:00-04:00,80.69000244140625,80.98999786376953,79.2699966430664,80.19999694824219,6414700
2018-03-14 00:00:00-04:00,80.73999786376953,83.5,80.63999938964844,83.30999755859375,14281100
2018-03-15 00:00:00-04:00,83.75,83.98999786376953,81.56999969482422,82.56999969482422,9082000
2018-03-16 00:00:00-04:00,82.80000305175781,83.2300033569336,81.2699966430664,82.16000366210938,8356200
2018-03-19 00:00:00-04:00,80.88999938964844,81.44000244140625,79.11000061035156,80.30000305175781,9028900
2018-03-20 00:00:00-04:00,80.18000030517578,81.19000244140625,80.05400085449219,80.86000061035156,7388100
2018-03-21 00:00:00-04:00,80.94000244140625,82.3499984741211,80.51000213623047,81.04000091552734,6757200
2018-03-22 00:00:00-04:00,79.80999755859375,80.12000274658203,78.45999908447266,78.55999755859375,9608400
2018-03-23 00:00:00-04:00,78.5,78.97000122070312,76.3499984741211,76.44000244140625,9569100
2018-03-26 00:00:00-04:00,77.9800033569336,79.16999816894531,77.02999877929688,78.94999694824219,8682600
2018-03-27 00:00:00-04:00,79.58999633789062,79.9000015258789,75.6500015258789,76.30999755859375,7980300
2018-03-28 00:00:00-04:00,75.69999694824219,76.75,74.73999786376953,75.05999755859375,14370300
2018-03-29 00:00:00-04:00,75.30999755859375,77.19999694824219,74.55000305175781,75.87000274658203,11064300
2018-04-02 00:00:00-04:00,75.2300033569336,76.30000305175781,74.01000213623047,75.0,11417700
2018-04-03 00:00:00-04:00,75.27999877929688,75.41000366210938,73.3499984741211,74.55999755859375,8886000
2018-04-04 00:00:00-04:00,73.0,75.05999755859375,72.5199966430664,74.77999877929688,8230800
2018-04-05 00:00:00-04:00,75.58999633789062,77.81999969482422,75.4800033569336,76.94999694824219,10015700
2018-04-06 00:00:00-04:00,75.5199966430664,76.4000015258789,73.69999694824219,73.86000061035156,8179100
2018-04-09 00:00:00-04:00,74.5999984741211,76.87999725341797,74.5999984741211,75.19000244140625,7328400
2018-04-10 00:00:00-04:00,76.51000213623047,77.30999755859375,75.80000305175781,76.79000091552734,5882500
2018-04-11 00:00:00-04:00,76.19999694824219,77.4000015258789,76.08000183105469,76.5,4581000
2018-04-12 00:00:00-04:00,76.80000305175781,77.98999786376953,76.61000061035156,77.45999908447266,5034800
2018-04-13 00:00:00-04:00,78.0,78.62999725341797,76.83000183105469,77.2699966430664,5909900
2018-04-16 00:00:00-04:00,77.87999725341797,78.5,77.19000244140625,77.80000305175781,5101400
2018-04-17 00:00:00-04:00,78.55000305175781,80.43000030517578,78.5,80.02999877929688,7135700
2018-04-18 00:00:00-04:00,80.0999984741211,80.88999938964844,79.31999969482422,80.33999633789062,5943700
2018-04-19 00:00:00-04:00,80.19999694824219,80.38999938964844,79.19000244140625,79.68000030517578,7122700
2018-04-20 00:00:00-04:00,79.22000122070312,79.87000274658203,78.30000305175781,78.7300033569336,6265300
2018-04-23 00:00:00-04:00,78.86000061035156,79.44999694824219,77.98999786376953,78.20999908447266,4038500
2018-04-24 00:00:00-04:00,78.9000015258789,79.4000015258789,75.08000183105469,75.27999877929688,9186600
2018-04-25 00:00:00-04:00,75.38999938964844,75.57499694824219,73.69999694824219,74.0,10940300
2018-04-26 00:00:00-04:00,76.31999969482422,77.62000274658203,75.48999786376953,76.02999877929688,13625300
2018-04-27 00:00:00-04:00,76.20999908447266,76.38999938964844,73.63500213623047,74.12999725341797,9794300
2018-04-30 00:00:00-04:00,74.0,75.01899719238281,73.69000244140625,74.61000061035156,9444400
2018-05-01 00:00:00-04:00,74.1500015258789,74.98999786376953,73.5999984741211,74.80999755859375,5660200
2018-05-02 00:00:00-04:00,75.0,75.70999908447266,71.20999908447266,71.7300033569336,17710700
2018-05-03 00:00:00-04:00,71.30000305175781,73.7699966430664,70.22000122070312,73.44999694824219,17310700
2018-05-04 00:00:00-04:00,73.19000244140625,74.44000244140625,72.2300033569336,73.98999786376953,7470800
2018-05-07 00:00:00-04:00,74.22000122070312,75.12000274658203,74.0999984741211,74.66999816894531,7583700
2018-05-08 00:00:00-04:00,74.62000274658203,75.94000244140625,74.44000244140625,75.72000122070312,6267200
2018-05-09 00:00:00-04:00,76.08000183105469,77.05000305175781,75.45999908447266,77.01000213623047,6230500
2018-05-10 00:00:00-04:00,77.38999938964844,79.25499725341797,77.25,79.19000244140625,11541400
2018-05-11 00:00:00-04:00,79.25,79.38999938964844,78.08000183105469,79.19999694824219,9871300
2018-05-14 00:00:00-04:00,79.13999938964844,79.6500015258789,78.44000244140625,78.80999755859375,5821200
2018-05-15 00:00:00-04:00,77.8499984741211,78.19999694824219,76.93000030517578,77.79000091552734,6173500
2018-05-16 00:00:00-04:00,77.5,78.54000091552734,77.27999877929688,77.81999969482422,5350200
2018-05-17 00:00:00-04:00,77.62999725341797,81.16000366210938,77.58999633789062,79.19000244140625,8329500
2018-05-18 00:00:00-04:00,79.9000015258789,81.94000244140625,79.82499694824219,80.79000091552734,14626900
2018-05-21 00:00:00-04:00,81.61000061035156,82.31999969482422,80.37000274658203,81.25,7882100
2018-05-22 00:00:00-04:00,81.38999938964844,81.61000061035156,80.27999877929688,80.62000274658203,5188300
2018-05-23 00:00:00-04:00,79.66000366210938,81.12000274658203,79.40499877929688,81.08000183105469,5059800
2018-05-24 00:00:00-04:00,80.91000366210938,83.05999755859375,79.66000366210938,81.55000305175781,11696800
2018-05-25 00:00:00-04:00,82.6500015258789,82.72000122070312,80.48999786376953,80.95999908447266,9471300
2018-05-29 00:00:00-04:00,80.70999908447266,81.33999633789062,80.19999694824219,80.7300033569336,6924200
2018-05-30 00:00:00-04:00,81.16100311279297,82.05999755859375,80.9000015258789,81.5999984741211,5516200
2018-05-31 00:00:00-04:00,81.80999755859375,82.83000183105469,81.55000305175781,82.06999969482422,8250100
2018-06-01 00:00:00-04:00,82.55000305175781,83.45999908447266,81.8499984741211,83.25,7092100
2018-06-04 00:00:00-04:00,83.2300033569336,84.80000305175781,82.7699966430664,84.56999969482422,7423700
2018-06-05 00:00:00-04:00,84.5,85.19999694824219,84.01000213623047,85.05000305175781,9033600
2018-06-06 00:00:00-04:00,85.05000305175781,85.61000061035156,84.5,85.20999908447266,7867200
2018-06-07 00:00:00-04:00,85.20999908447266,85.30000305175781,82.30999755859375,83.2699966430664,7838600
2018-06-08 00:00:00-04:00,83.2300033569336,84.48999786376953,83.1500015258789,84.33999633789062,7430900
2018-06-11 00:00:00-04:00,84.44999694824219,84.58999633789062,83.79000091552734,83.88999938964844,4870400
2018-06-12 00:00:00-04:00,83.93000030517578,86.19999694824219,83.875,85.0199966430664,9216900
2018-06-13 00:00:00-04:00,85.5,86.0,84.68000030517578,85.2699966430664,7510300
2018-06-14 00:00:00-04:00,85.5,86.29499816894531,85.20999908447266,85.61000061035156,6643400
2018-06-15 00:00:00-04:00,85.33000183105469,85.69000244140625,84.0999984741211,85.30999755859375,8710800
2018-06-18 00:00:00-04:00,84.83999633789062,86.19999694824219,84.44000244140625,85.8499984741211,5579400
2018-06-19 00:00:00-04:00,84.63999938964844,84.95999908447266,83.43000030517578,84.5199966430664,6245100
2018-06-20 00:00:00-04:00,84.86000061035156,86.97000122070312,84.81999969482422,85.94999694824219,9174900
2018-06-21 00:00:00-04:00,86.5,87.55000305175781,85.44999694824219,85.97000122070312,8101300
2018-06-22 00:00:00-04:00,86.31999969482422,86.55999755859375,84.61000061035156,85.12000274658203,7503400
2018-06-25 00:00:00-04:00,84.08000183105469,84.47000122070312,81.20999908447266,82.19000244140625,10780100
2018-06-26 00:00:00-04:00,82.68000030517578,83.20999908447266,81.7699966430664,82.31999969482422,6742200
2018-06-27 00:00:00-04:00,82.55000305175781,82.97000122070312,80.4530029296875,80.66999816894531,8974100
2018-06-28 00:00:00-04:00,80.38999938964844,82.83000183105469,80.16000366210938,82.4800033569336,7374500
2018-06-29 00:00:00-04:00,82.75,83.66000366210938,82.61000061035156,83.2699966430664,6817000
2018-07-02 00:00:00-04:00,82.75,83.95999908447266,82.06199645996094,83.88999938964844,4929400
2018-07-03 00:00:00-04:00,84.36000061035156,84.9000015258789,83.1500015258789,83.2699966430664,3644100
2018-07-05 00:00:00-04:00,83.63999938964844,84.63999938964844,83.30000305175781,84.58999633789062,5287700
2018-07-06 00:00:00-04:00,84.41000366210938,86.0,83.94000244140625,85.94000244140625,5095500
2018-07-09 00:00:00-04:00,86.5999984741211,86.9000015258789,85.3479995727539,86.2300033569336,5683500
2018-07-10 00:00:00-04:00,86.72000122070312,86.72000122070312,85.7699966430664,86.16999816894531,3723200
2018-07-11 00:00:00-04:00,85.47000122070312,86.86000061035156,85.06999969482422,86.25,4153200
2018-07-12 00:00:00-04:00,87.19999694824219,89.19000244140625,86.80000305175781,89.12999725341797,6912300
2018-07-13 00:00:00-04:00,89.0,89.0999984741211,86.83000183105469,87.98999786376953,6106400
2018-07-16 00:00:00-04:00,88.26000213623047,88.34100341796875,87.4800033569336,87.7699966430664,4452300
2018-07-17 00:00:00-04:00,87.25,88.72000122070312,86.58999633789062,88.58000183105469,5086100
2018-07-18 00:00:00-04:00,88.69999694824219,88.93000030517578,87.68000030517578,88.22000122070312,4797100
2018-07-19 00:00:00-04:00,88.0,88.58999633789062,87.16000366210938,87.37999725341797,5612900
2018-07-20 00:00:00-04:00,87.31999969482422,88.0,87.13999938964844,87.47000122070312,7541500
2018-07-23 00:00:00-04:00,87.13999938964844,89.5999984741211,85.81999969482422,89.23999786376953,11759700
2018-07-24 00:00:00-04:00,90.5999984741211,92.3499984741211,90.41300201416016,91.41000366210938,13369400
2018-07-25 00:00:00-04:00,91.12999725341795,92.3499984741211,91.01000213623048,91.37000274658205,11976800
2018-07-26 00:00:00-04:00,88.51000213623047,90.68000030517578,87.25,89.13999938964844,14505600
2018-07-27 00:00:00-04:00,89.5,90.27999877929688,84.75,85.45999908447266,14903400
2018-07-30 00:00:00-04:00,85.5,85.5,81.8499984741211,82.38999938964844,13501500
2018-07-31 00:00:00-04:00,82.51000213623047,83.31999969482422,81.30000305175781,82.13999938964844,13462200
2018-08-01 00:00:00-04:00,82.23999786376953,83.9800033569336,82.01000213623047,83.45999908447266,11160400
2018-08-02 00:00:00-04:00,82.94999694824219,85.58999633789062,82.8499984741211,85.52999877929688,8327200
2018-08-03 00:00:00-04:00,85.98999786376953,86.19999694824219,84.1500015258789,85.19000244140625,6216400
2018-08-06 00:00:00-04:00,85.19000244140625,86.0999984741211,84.9000015258789,85.7699966430664,5702500
2018-08-07 00:00:00-04:00,86.30000305175781,86.98999786376953,85.94999694824219,86.30000305175781,4951200
2018-08-08 00:00:00-04:00,86.2300033569336,87.09500122070312,85.86000061035156,86.73999786376953,3888900
2018-08-09 00:00:00-04:00,86.91000366210938,88.08999633789062,86.4800033569336,87.16999816894531,5507000
2018-08-10 00:00:00-04:00,86.55000305175781,88.02999877929688,86.01000213623047,87.01000213623047,5796500
2018-08-13 00:00:00-04:00,87.41999816894531,88.5,86.95999908447266,87.01000213623047,6040100
2018-08-14 00:00:00-04:00,87.37000274658203,87.83000183105469,86.4800033569336,87.7300033569336,6107400
2018-08-15 00:00:00-04:00,86.77999877929688,87.25,84.61000061035156,85.19000244140625,8742900
2018-08-16 00:00:00-04:00,85.8499984741211,85.9000015258789,84.87000274658203,85.31999969482422,5967200
2018-08-17 00:00:00-04:00,85.0999984741211,85.7699966430664,84.22000122070312,85.44999694824219,6245000
2018-08-20 00:00:00-04:00,85.73999786376953,86.0,84.9000015258789,85.75,4103000
2018-08-21 00:00:00-04:00,85.81999969482422,87.37999725341797,85.81999969482422,86.22000122070312,5389600
2018-08-22 00:00:00-04:00,86.0,87.16000366210938,85.62999725341797,86.94999694824219,4265900
2018-08-23 00:00:00-04:00,86.72000122070312,88.17500305175781,86.66999816894531,87.37999725341797,4310000
2018-08-24 00:00:00-04:00,87.94999694824219,90.12999725341795,87.94999694824219,90.0999984741211,7403900
2018-08-27 00:00:00-04:00,90.68000030517578,91.31999969482422,89.77999877929688,89.97000122070312,5466700
2018-08-28 00:00:00-04:00,90.0999984741211,90.8499984741211,89.68000030517578,90.61000061035156,4643800
2018-08-29 00:00:00-04:00,90.77999877929688,92.94000244140624,90.77999877929688,92.62000274658205,7841800
2018-08-30 00:00:00-04:00,92.29000091552734,93.01000213623048,91.70999908447266,92.08999633789062,7146600
2018-08-31 00:00:00-04:00,91.83999633789062,92.73999786376952,91.8000030517578,92.33000183105467,4874400
2018-09-04 00:00:00-04:00,91.94000244140624,93.44000244140624,91.62000274658205,93.06999969482422,6466700
2018-09-05 00:00:00-04:00,92.9800033569336,93.0,88.69999694824219,89.05000305175781,10202200
2018-09-06 00:00:00-04:00,89.18000030517578,89.55500030517578,88.05999755859375,89.0,6840300
2018-09-07 00:00:00-04:00,88.12999725341797,89.68000030517578,87.38999938964844,88.81999969482422,5679500
2018-09-10 00:00:00-04:00,89.43000030517578,89.98999786376953,88.55999755859375,89.80000305175781,5466000
2018-09-11 00:00:00-04:00,89.83000183105469,91.70999908447266,89.03500366210938,91.43000030517578,7321900
2018-09-12 00:00:00-04:00,91.52999877929688,92.45999908447266,90.20999908447266,92.4000015258789,7213500
2018-09-13 00:00:00-04:00,92.5999984741211,93.6999969482422,92.05999755859376,92.19000244140624,8308300
2018-09-14 00:00:00-04:00,92.25,92.68000030517578,90.68000030517578,90.77999877929688,9342800
2018-09-17 00:00:00-04:00,90.66000366210938,91.3000030517578,88.51000213623047,88.68000030517578,9293800
2018-09-18 00:00:00-04:00,88.70999908447266,90.08999633789062,88.70999908447266,89.72000122070312,5820700
2018-09-19 00:00:00-04:00,90.0999984741211,90.73999786376952,88.23799896240234,89.30999755859375,5495100
2018-09-20 00:00:00-04:00,89.83999633789062,90.77999877929688,89.18499755859375,90.5999984741211,6561700
2018-09-21 00:00:00-04:00,91.0500030517578,92.0,90.41999816894533,90.62000274658205,25379400
2018-09-24 00:00:00-04:00,89.94999694824219,90.26000213623048,88.26000213623047,89.62000274658203,8303100
2018-09-25 00:00:00-04:00,89.62000274658203,90.37999725341795,89.2750015258789,90.04000091552734,5953400
2018-09-26 00:00:00-04:00,90.33999633789062,90.93000030517578,89.69999694824219,89.8499984741211,5936200
2018-09-27 00:00:00-04:00,90.61000061035156,90.6999969482422,88.86000061035156,88.98999786376953,6996600
2018-09-28 00:00:00-04:00,88.79000091552734,89.04499816894531,87.5999984741211,87.83999633789062,7920600
2018-10-01 00:00:00-04:00,88.12999725341797,88.80000305175781,87.4000015258789,87.55000305175781,9260600
2018-10-02 00:00:00-04:00,87.2699966430664,87.3499984741211,85.83000183105469,86.68000030517578,6488200
2018-10-03 00:00:00-04:00,87.4000015258789,87.94999694824219,86.37000274658203,87.1500015258789,6625000
2018-10-04 00:00:00-04:00,86.38999938964844,86.5,83.54000091552734,84.33999633789062,9077900
2018-10-05 00:00:00-04:00,84.20999908447266,84.83999633789062,82.31999969482422,83.18000030517578,10735800
2018-10-08 00:00:00-04:00,82.62000274658203,82.88999938964844,78.6500015258789,80.55000305175781,16872200
2018-10-09 00:00:00-04:00,80.6500015258789,81.83999633789062,79.44000244140625,80.02999877929688,9332400
2018-10-10 00:00:00-04:00,79.61000061035156,79.91000366210938,75.31999969482422,75.44999694824219,16920300
2018-10-11 00:00:00-04:00,76.80999755859375,77.78500366210938,74.66000366210938,75.9000015258789,21006500
2018-10-12 00:00:00-04:00,79.12000274658203,79.5999984741211,77.79000091552734,79.02999877929688,14131400
2018-10-15 00:00:00-04:00,78.87999725341797,79.13999938964844,77.22000122070312,77.2300033569336,8481100
2018-10-16 00:00:00-04:00,78.8499984741211,80.91000366210938,78.45999908447266,80.61000061035156,10060000
2018-10-17 00:00:00-04:00,81.19000244140625,81.38999938964844,79.5,80.08999633789062,10022600
2018-10-18 00:00:00-04:00,80.16999816894531,80.44000244140625,77.36000061035156,77.4800033569336,19748500
2018-10-19 00:00:00-04:00,83.75,86.16999816894531,82.91999816894531,84.77999877929688,34211900
2018-10-22 00:00:00-04:00,84.86000061035156,86.2300033569336,83.57099914550781,85.43000030517578,11254800
2018-10-23 00:00:00-04:00,83.19999694824219,87.80000305175781,82.98999786376953,87.56999969482422,14753800
2018-10-24 00:00:00-04:00,87.04000091552734,87.69000244140625,83.01000213623047,83.08999633789062,14754600
2018-10-25 00:00:00-04:00,84.23999786376953,86.51000213623047,83.55999755859375,85.95999908447266,9267600
2018-10-26 00:00:00-04:00,83.22000122070312,85.66000366210938,82.18000030517578,83.37000274658203,13969400
2018-10-29 00:00:00-04:00,84.73999786376953,85.23999786376953,78.98999786376953,81.1500015258789,12918800
2018-10-30 00:00:00-04:00,80.33000183105469,81.95999908447266,79.41999816894531,80.9000015258789,13100800
2018-10-31 00:00:00-04:00,82.37000274658203,85.3499984741211,82.30000305175781,84.19000244140625,11191800
2018-11-01 00:00:00-04:00,84.18000030517578,85.1500015258789,83.56999969482422,85.04000091552734,5952600
2018-11-02 00:00:00-04:00,85.45999908447266,86.10399627685547,82.6500015258789,83.51000213623047,7014400
2018-11-05 00:00:00-05:00,83.33000183105469,84.25,82.25,84.05000305175781,4622300
2018-11-06 00:00:00-05:00,84.0999984741211,85.30999755859375,83.72000122070312,84.69000244140625,4662500
2018-11-07 00:00:00-05:00,85.86000061035156,88.48999786376953,85.7300033569336,88.2300033569336,8672000
2018-11-08 00:00:00-05:00,87.69999694824219,89.05999755859375,87.68000030517578,89.04000091552734,7539000
2018-11-09 00:00:00-05:00,88.44999694824219,88.44999694824219,85.55000305175781,86.76000213623047,9105900
2018-11-12 00:00:00-05:00,86.16999816894531,86.6500015258789,83.30000305175781,83.77999877929688,6278200
2018-11-13 00:00:00-05:00,84.12000274658203,85.22899627685547,83.16000366210938,83.77999877929688,4731300
2018-11-14 00:00:00-05:00,84.9800033569336,85.13999938964844,83.06999969482422,84.05000305175781,6678100
2018-11-15 00:00:00-05:00,83.79000091552734,87.08999633789062,83.5999984741211,86.73999786376953,10001200
2018-11-16 00:00:00-05:00,86.0,86.72000122070312,84.83000183105469,85.05999755859375,7581000
2018-11-19 00:00:00-05:00,84.7699966430664,85.19000244140625,79.9000015258789,80.12999725341797,11455300
2018-11-20 00:00:00-05:00,77.0,79.08000183105469,75.47000122070312,77.76000213623047,14202100
2018-11-21 00:00:00-05:00,79.08999633789062,79.88999938964844,77.63500213623047,79.12000274658203,8522900
2018-11-23 00:00:00-05:00,78.08999633789062,79.70999908447266,77.9000015258789,77.94999694824219,3066900
2018-11-26 00:00:00-05:00,78.97000122070312,80.9800033569336,78.86000061035156,80.86000061035156,9292900
2018-11-27 00:00:00-05:00,81.0,82.0,80.20500183105469,81.97000122070312,5335200
2018-11-28 00:00:00-05:00,82.2699966430664,86.0,81.94999694824219,85.9800033569336,9342000
2018-11-29 00:00:00-05:00,85.37000274658203,85.67500305175781,83.79000091552734,84.26000213623047,6516600
2018-11-30 00:00:00-05:00,84.38999938964844,85.86000061035156,83.66000366210938,85.80999755859375,11273300
2018-12-03 00:00:00-05:00,87.29000091552734,88.83999633789062,87.19000244140625,87.9800033569336,10822500
2018-12-04 00:00:00-05:00,87.23999786376953,88.47000122070312,84.0199966430664,84.19000244140625,8249900
2018-12-06 00:00:00-05:00,81.81999969482422,85.86000061035156,81.29000091552734,85.81999969482422,10197700
2018-12-07 00:00:00-05:00,84.95999908447266,85.98999786376953,81.97000122070312,82.7699966430664,8419500
2018-12-10 00:00:00-05:00,83.25,85.5,82.76000213623047,84.93000030517578,9348200
2018-12-11 00:00:00-05:00,86.01000213623047,86.9000015258789,84.55999755859375,85.51000213623047,8159100
2018-12-12 00:00:00-05:00,86.83999633789062,88.45999908447266,86.5,86.5,10306800
2018-12-13 00:00:00-05:00,87.7300033569336,88.70999908447266,86.41000366210938,87.55999755859375,8877300
2018-12-14 00:00:00-05:00,86.37999725341797,87.94000244140625,85.41999816894531,85.91999816894531,6869100
2018-12-17 00:00:00-05:00,85.69000244140625,86.30000305175781,83.35099792480469,84.0999984741211,8368100
2018-12-18 00:00:00-05:00,84.69999694824219,86.37000274658203,84.62000274658203,85.51000213623047,9573000
2018-12-19 00:00:00-05:00,85.62999725341797,87.80000305175781,82.93000030517578,84.02999877929688,11258400
2018-12-20 00:00:00-05:00,83.77999877929688,84.87000274658203,80.81999969482422,82.44000244140625,12532900
2018-12-21 00:00:00-05:00,82.80999755859375,83.7699966430664,77.69000244140625,78.13999938964844,17704900
2018-12-24 00:00:00-05:00,77.4800033569336,79.31999969482422,76.69999694824219,77.05999755859375,6800500
2018-12-26 00:00:00-05:00,77.69999694824219,82.80000305175781,77.6500015258789,82.80000305175781,10994700
2018-12-27 00:00:00-05:00,81.33000183105469,84.36000061035156,80.23999786376953,84.30999755859375,7849100
2018-12-28 00:00:00-05:00,85.0,85.2300033569336,82.33999633789062,83.26000213623047,6850400
2018-12-31 00:00:00-05:00,84.23999786376953,84.4800033569336,82.55000305175781,84.08999633789062,7247700
2019-01-02 00:00:00-05:00,82.37999725341797,86.19999694824219,82.23999786376953,85.75,10146200
2019-01-03 00:00:00-05:00,84.36000061035156,84.75,81.91000366210938,82.08999633789062,9650700
2019-01-04 00:00:00-05:00,83.70999908447266,86.91000366210938,83.37000274658203,86.2699966430664,9234800
2019-01-07 00:00:00-05:00,86.41999816894531,87.55000305175781,86.0199966430664,86.93000030517578,11094100
2019-01-08 00:00:00-05:00,88.11000061035156,88.8949966430664,87.69000244140625,88.69999694824219,8307600
2019-01-09 00:00:00-05:00,88.80999755859375,90.31500244140624,88.5,89.55000305175781,9578300
2019-01-10 00:00:00-05:00,89.0999984741211,90.79000091552734,87.91799926757812,90.6999969482422,7478100
2019-01-11 00:00:00-05:00,90.11000061035156,91.1439971923828,90.0999984741211,90.6500015258789,7398200
2019-01-14 00:00:00-05:00,89.95999908447266,90.80999755859376,89.55000305175781,90.43000030517578,6084700
2019-01-15 00:00:00-05:00,90.63999938964844,91.91000366210938,90.19000244140624,91.5999984741211,10377900
2019-01-16 00:00:00-05:00,91.72000122070312,92.3499984741211,90.20999908447266,90.5500030517578,8475000
2019-01-17 00:00:00-05:00,90.25,90.87000274658205,89.80999755859375,90.4000015258789,10254500
2019-01-18 00:00:00-05:00,91.3499984741211,91.44000244140624,89.77999877929688,91.12000274658205,11958400
2019-01-22 00:00:00-05:00,90.33000183105467,90.97000122070312,89.08999633789062,89.94000244140625,7890300
2019-01-23 00:00:00-05:00,90.73999786376952,91.16999816894533,89.56999969482422,90.5,5595700
2019-01-24 00:00:00-05:00,90.66999816894533,92.98999786376952,90.5500030517578,92.1999969482422,9749100
2019-01-25 00:00:00-05:00,93.0500030517578,94.58000183105467,92.69000244140624,94.27999877929688,11664300
2019-01-28 00:00:00-05:00,93.3000030517578,93.41999816894533,90.69000244140624,92.3000030517578,7361100
2019-01-29 00:00:00-05:00,92.33000183105467,92.8499984741211,90.56999969482422,91.12000274658205,6399900
2019-01-30 00:00:00-05:00,92.0199966430664,93.33999633789062,90.9000015258789,92.41999816894533,11622800
2019-01-31 00:00:00-05:00,89.0199966430664,90.08999633789062,86.62000274658203,88.76000213623047,23729900
2019-02-01 00:00:00-05:00,88.36000061035156,90.5,88.25,90.01000213623047,10514600
2019-02-04 00:00:00-05:00,89.87999725341797,92.12000274658205,89.70999908447266,91.66000366210938,7084500
2019-02-05 00:00:00-05:00,91.91000366210938,92.3499984741211,91.36000061035156,92.2699966430664,5591300
2019-02-06 00:00:00-05:00,90.8000030517578,92.29000091552734,90.19000244140624,92.25,5939400
2019-02-07 00:00:00-05:00,91.11000061035156,91.70999908447266,90.01000213623047,90.8499984741211,7283800
2019-02-08 00:00:00-05:00,90.0199966430664,91.91000366210938,90.0,91.87000274658205,7642100
2019-02-11 00:00:00-05:00,92.25,93.75,92.1500015258789,92.69000244140624,6455900
2019-02-12 00:00:00-05:00,93.44000244140624,94.51000213623048,93.1999969482422,94.37999725341795,7497000
2019-02-13 00:00:00-05:00,94.58999633789062,96.04000091552734,93.84400177001952,94.01000213623048,8577900
2019-02-14 00:00:00-05:00,93.6500015258789,94.98999786376952,93.0999984741211,94.41999816894533,6579200
2019-02-15 00:00:00-05:00,95.0,95.43000030517578,94.4499969482422,94.91000366210938,6080200
2019-02-19 00:00:00-05:00,94.4499969482422,95.3000030517578,94.05999755859376,95.0199966430664,8092400
2019-02-20 00:00:00-05:00,95.0,95.72000122070312,93.9800033569336,94.7300033569336,8154100
2019-02-21 00:00:00-05:00,94.72000122070312,95.51000213623048,94.33000183105467,94.95999908447266,6410000
2019-02-22 00:00:00-05:00,95.23999786376952,96.0,95.06999969482422,95.9800033569336,4898000
2019-02-25 00:00:00-05:00,96.06999969482422,97.3040008544922,96.0,96.6999969482422,7470700
2019-02-26 00:00:00-05:00,96.33999633789062,96.81999969482422,95.52999877929688,96.58999633789062,5906400
2019-02-27 00:00:00-05:00,96.11000061035156,98.04000091552734,95.93000030517578,97.86000061035156,5565400
2019-02-28 00:00:00-05:00,97.66000366210938,98.5250015258789,97.08000183105467,98.06999969482422,6151800
2019-03-01 00:00:00-05:00,98.91999816894533,99.4499969482422,98.33999633789062,98.8000030517578,5434000
2019-03-04 00:00:00-05:00,98.02999877929688,98.5,95.33999633789062,96.56999969482422,7855800
2019-03-05 00:00:00-05:00,96.6500015258789,97.13999938964844,96.1500015258789,96.52999877929688,6321900
2019-03-06 00:00:00-05:00,96.5199966430664,97.27999877929688,95.91000366210938,96.45999908447266,3226500
2019-03-07 00:00:00-05:00,96.16999816894533,96.75,95.3000030517578,96.20999908447266,6170100
2019-03-08 00:00:00-05:00,95.04000091552734,95.7699966430664,94.51000213623048,95.69000244140624,4577700
2019-03-11 00:00:00-04:00,96.01000213623048,97.56999969482422,95.9540023803711,97.4499969482422,5387500
2019-03-12 00:00:00-04:00,98.0,98.08000183105467,96.9000015258789,97.5,5624500
2019-03-13 00:00:00-04:00,98.1999969482422,100.58999633789062,98.13999938964844,99.30999755859376,9356600
2019-03-14 00:00:00-04:00,99.45999908447266,99.66999816894533,98.93000030517578,99.02999877929688,5414700
2019-03-15 00:00:00-04:00,99.4000015258789,101.26000213623048,99.33000183105467,100.7300033569336,10960900
2019-03-18 00:00:00-04:00,101.20999908447266,101.83000183105467,99.37000274658205,100.2699966430664,6454000
2019-03-19 00:00:00-04:00,100.5999984741211,101.68499755859376,100.5999984741211,101.54000091552734,6965100
2019-03-20 00:00:00-04:00,101.4499969482422,103.0500030517578,100.83999633789062,102.30999755859376,6462900
2019-03-21 00:00:00-04:00,102.1500015258789,104.55999755859376,102.08499908447266,104.1500015258789,7216700
2019-03-22 00:00:00-04:00,103.87000274658205,104.0,101.25,101.2699966430664,7195000
2019-03-25 00:00:00-04:00,100.94000244140624,102.18000030517578,100.51000213623048,101.5500030517578,5117700
2019-03-26 00:00:00-04:00,102.33999633789062,103.28500366210938,101.75,103.1500015258789,4498000
2019-03-27 00:00:00-04:00,103.1999969482422,104.16999816894533,101.73999786376952,103.06999969482422,5450200
2019-03-28 00:00:00-04:00,103.4499969482422,104.01000213623048,102.66999816894533,103.86000061035156,4459900
2019-03-29 00:00:00-04:00,104.5199966430664,104.6999969482422,103.45999908447266,103.83999633789062,5625500
2019-04-01 00:00:00-04:00,104.98999786376952,105.76000213623048,103.8499984741211,105.5500030517578,6157200
2019-04-02 00:00:00-04:00,105.76000213623048,105.76000213623048,104.66000366210938,105.2300033569336,4177400
2019-04-03 00:00:00-04:00,105.91000366210938,105.97000122070312,104.48999786376952,104.69000244140624,5441900
2019-04-04 00:00:00-04:00,104.6999969482422,104.97000122070312,102.6500015258789,104.45999908447266,7996800
2019-04-05 00:00:00-04:00,104.83999633789062,105.8000030517578,104.62000274658205,105.7300033569336,8573800
2019-04-08 00:00:00-04:00,105.66000366210938,107.0,104.66999816894533,106.56999969482422,9261800
2019-04-09 00:00:00-04:00,106.05999755859376,107.51000213623048,105.83000183105467,106.93000030517578,7217100
2019-04-10 00:00:00-04:00,107.1500015258789,107.7699966430664,106.38999938964844,107.51000213623048,6561800
2019-04-11 00:00:00-04:00,107.51000213623048,107.73999786376952,105.91000366210938,106.45999908447266,7681000
2019-04-12 00:00:00-04:00,107.02999877929688,108.54000091552734,106.41000366210938,108.4800033569336,6997700
2019-04-15 00:00:00-04:00,108.58000183105467,109.0,107.30999755859376,108.13999938964844,4480100
2019-04-16 00:00:00-04:00,108.8000030517578,108.8000030517578,107.58000183105467,108.1999969482422,3766100
2019-04-17 00:00:00-04:00,107.80500030517578,108.86000061035156,107.25,108.80999755859376,5353700
2019-04-18 00:00:00-04:00,108.36000061035156,108.4499969482422,105.08000183105467,107.36000061035156,10220700
2019-04-22 00:00:00-04:00,106.79000091552734,107.18000030517578,106.0199966430664,106.80999755859376,6408500
2019-04-23 00:00:00-04:00,107.0999984741211,107.51000213623048,106.44000244140624,106.9000015258789,8564200
2019-04-24 00:00:00-04:00,107.11000061035156,108.38999938964844,106.41999816894533,107.22000122070312,9553100
2019-04-25 00:00:00-04:00,108.5199966430664,110.91999816894533,108.5199966430664,110.22000122070312,10959400
2019-04-26 00:00:00-04:00,109.72000122070312,110.56999969482422,107.87999725341795,110.55999755859376,7683200
2019-04-29 00:00:00-04:00,110.6999969482422,113.0,110.44000244140624,112.44000244140624,6989300
2019-04-30 00:00:00-04:00,112.44000244140624,113.22000122070312,111.1999969482422,112.7699966430664,6489400
2019-05-01 00:00:00-04:00,113.20999908447266,113.69000244140624,110.91999816894533,110.94000244140624,5442200
2019-05-02 00:00:00-04:00,110.5999984741211,111.16000366210938,108.91000366210938,109.6999969482422,5272400
2019-05-03 00:00:00-04:00,110.56999969482422,112.12000274658205,110.25,111.95999908447266,4660500
2019-05-06 00:00:00-04:00,109.44000244140624,111.12000274658205,108.58000183105467,110.8499984741211,4722600
2019-05-07 00:00:00-04:00,110.16999816894533,110.16999816894533,107.63999938964844,108.9499969482422,6178700
2019-05-08 00:00:00-04:00,108.58000183105467,109.87999725341795,108.1500015258789,109.06999969482422,4118000
2019-05-09 00:00:00-04:00,108.0999984741211,110.13300323486328,107.2480010986328,109.7300033569336,4657300
2019-05-10 00:00:00-04:00,109.22000122070312,110.68000030517578,107.45999908447266,110.41000366210938,3750900
2019-05-13 00:00:00-04:00,107.5999984741211,108.62999725341795,106.5199966430664,106.83000183105467,5657900
2019-05-14 00:00:00-04:00,107.55999755859376,110.4000015258789,107.3499984741211,109.08999633789062,4559700
2019-05-15 00:00:00-04:00,108.58999633789062,111.93000030517578,108.30999755859376,111.5,5315300
2019-05-16 00:00:00-04:00,111.1999969482422,114.66000366210938,111.16000366210938,113.87000274658205,6031800
2019-05-17 00:00:00-04:00,113.06999969482422,114.25,112.24199676513672,112.8000030517578,4512400
2019-05-20 00:00:00-04:00,111.97000122070312,113.30999755859376,111.2300033569336,112.1500015258789,3631600
2019-05-21 00:00:00-04:00,112.66999816894533,113.12000274658205,111.68599700927734,112.43000030517578,4001400
2019-05-22 00:00:00-04:00,112.27999877929688,113.95999908447266,112.20999908447266,112.47000122070312,3091700
2019-05-23 00:00:00-04:00,111.47000122070312,111.70999908447266,109.05999755859376,109.9000015258789,7183600
2019-05-24 00:00:00-04:00,110.83999633789062,111.23999786376952,109.45999908447266,109.8499984741211,4832500
2019-05-28 00:00:00-04:00,110.56999969482422,113.13999938964844,110.5,111.79000091552734,6568300
2019-05-29 00:00:00-04:00,110.75,110.97000122070312,109.30999755859376,110.08000183105467,8166200
2019-05-30 00:00:00-04:00,110.63999938964844,111.56999969482422,110.08999633789062,111.41000366210938,3871800
2019-05-31 00:00:00-04:00,110.33000183105467,110.8000030517578,108.73999786376952,109.75,4913500
2019-06-03 00:00:00-04:00,111.08999633789062,111.08999633789062,103.95999908447266,105.5199966430664,11261200
2019-06-04 00:00:00-04:00,106.83000183105467,108.83000183105467,105.77999877929688,108.7300033569336,7280400
2019-06-05 00:00:00-04:00,110.04000091552734,110.87999725341795,109.45999908447266,110.7699966430664,6220200
2019-06-06 00:00:00-04:00,111.11000061035156,112.04000091552734,110.2699966430664,111.77999877929688,4744000
2019-06-07 00:00:00-04:00,112.3000030517578,115.13999938964844,112.08000183105467,114.0199966430664,5916400
2019-06-10 00:00:00-04:00,115.0999984741211,117.3499984741211,114.8499984741211,115.62000274658205,6483600
2019-06-11 00:00:00-04:00,116.97000122070312,117.4499969482422,113.29499816894533,114.5999984741211,5038900
2019-06-12 00:00:00-04:00,114.58999633789062,114.88999938964844,113.47000122070312,114.5,3914400
2019-06-13 00:00:00-04:00,114.81999969482422,115.81999969482422,114.58999633789062,115.72000122070312,4089400
2019-06-14 00:00:00-04:00,115.91000366210938,116.7300033569336,115.2699966430664,116.16999816894533,4242000
2019-06-17 00:00:00-04:00,116.58000183105467,117.33499908447266,116.37000274658205,117.16000366210938,4621600
2019-06-18 00:00:00-04:00,118.5999984741211,118.64600372314452,115.83999633789062,115.9800033569336,6793300
2019-06-19 00:00:00-04:00,116.0,117.33999633789062,115.22000122070312,117.13999938964844,5166000
2019-06-20 00:00:00-04:00,118.8499984741211,119.9499969482422,117.83999633789062,118.79000091552734,5437500
2019-06-21 00:00:00-04:00,116.08000183105467,117.27999877929688,115.97000122070312,116.20999908447266,10651500
2019-06-24 00:00:00-04:00,116.51000213623048,116.77300262451172,115.66000366210938,116.5,3369800
2019-06-25 00:00:00-04:00,116.58000183105467,116.95999908447266,113.38999938964844,114.44000244140624,5393700
2019-06-26 00:00:00-04:00,115.6999969482422,116.37999725341795,114.11499786376952,114.1500015258789,4637300
2019-06-27 00:00:00-04:00,114.51000213623048,114.87000274658205,113.08000183105467,113.66999816894533,5139300
2019-06-28 00:00:00-04:00,114.23999786376952,114.62000274658205,113.33000183105467,114.45999908447266,6679800
2019-07-01 00:00:00-04:00,116.72000122070312,116.75,114.3499984741211,115.02999877929688,5566900
2019-07-02 00:00:00-04:00,115.18000030517578,116.1999969482422,114.58000183105467,116.16999816894533,4153900
2019-07-03 00:00:00-04:00,116.87999725341795,117.72000122070312,116.05999755859376,117.68000030517578,3288900
2019-07-05 00:00:00-04:00,116.54000091552734,117.4000015258789,114.69000244140624,117.16000366210938,3801700
2019-07-08 00:00:00-04:00,116.33999633789062,117.2249984741211,115.13999938964844,116.9499969482422,4983600
2019-07-09 00:00:00-04:00,116.37000274658205,118.62000274658205,116.25,118.37000274658205,4739000
2019-07-10 00:00:00-04:00,119.11000061035156,120.1999969482422,118.77999877929688,119.63999938964844,5879700
2019-07-11 00:00:00-04:00,120.16999816894533,120.75,119.23999786376952,120.6500015258789,4999700
2019-07-12 00:00:00-04:00,120.91999816894533,121.0,119.30999755859376,120.12000274658205,4540300
2019-07-15 00:00:00-04:00,120.7699966430664,121.04000091552734,119.8000030517578,120.9000015258789,3721000
2019-07-16 00:00:00-04:00,121.0999984741211,121.4800033569336,119.52999877929688,119.70999908447266,4006600
2019-07-17 00:00:00-04:00,119.6500015258789,119.98999786376952,118.8000030517578,118.80999755859376,4627500
2019-07-18 00:00:00-04:00,118.98999786376952,120.8000030517578,118.62999725341795,119.87000274658205,4436900
2019-07-19 00:00:00-04:00,120.73999786376952,121.36000061035156,118.5999984741211,118.62999725341795,4916200
2019-07-22 00:00:00-04:00,118.98999786376952,119.20999908447266,118.12000274658205,118.69000244140624,5676600
2019-07-23 00:00:00-04:00,119.41999816894533,120.2699966430664,118.69499969482422,120.22000122070312,5016000
2019-07-24 00:00:00-04:00,120.0,121.33000183105467,118.93000030517578,121.3000030517578,8969800
2019-07-25 00:00:00-04:00,116.75,117.5500030517578,113.2300033569336,115.12000274658205,19417200
2019-07-26 00:00:00-04:00,115.70999908447266,116.3499984741211,114.33999633789062,115.48999786376952,7995500
2019-07-29 00:00:00-04:00,113.5,114.27999877929688,111.22000122070312,111.4499969482422,13820200
2019-07-30 00:00:00-04:00,110.79000091552734,112.29000091552734,108.7699966430664,112.04000091552734,8456000
2019-07-31 00:00:00-04:00,112.1999969482422,112.3000030517578,109.43000030517578,110.4000015258789,10096200
2019-08-01 00:00:00-04:00,110.4499969482422,112.4499969482422,109.66500091552734,110.8000030517578,9436100
2019-08-02 00:00:00-04:00,109.47000122070312,109.6500015258789,105.83000183105467,107.08999633789062,10466900
2019-08-05 00:00:00-04:00,103.76000213623048,105.38999938964844,102.41000366210938,103.5999984741211,11745400
2019-08-06 00:00:00-04:00,105.0,106.0,104.4800033569336,105.02999877929688,7740500
2019-08-07 00:00:00-04:00,104.05999755859376,107.16000366210938,103.3000030517578,106.62999725341795,7622000
2019-08-08 00:00:00-04:00,107.3499984741211,108.13999938964844,106.08000183105467,106.79000091552734,7815000
2019-08-09 00:00:00-04:00,106.4000015258789,106.5199966430664,104.4499969482422,104.81999969482422,7777300
2019-08-12 00:00:00-04:00,104.01000213623048,104.37999725341795,102.20999908447266,102.72000122070312,7896800
2019-08-13 00:00:00-04:00,103.38999938964844,106.6999969482422,102.68000030517578,106.04000091552734,9788400
2019-08-14 00:00:00-04:00,104.16999816894533,105.12999725341795,102.44000244140624,103.2699966430664,9538800
2019-08-15 00:00:00-04:00,103.9000015258789,105.79000091552734,103.12999725341795,104.9499969482422,6975800
2019-08-16 00:00:00-04:00,106.08000183105467,106.61000061035156,105.5500030517578,106.16000366210938,5840900
2019-08-19 00:00:00-04:00,108.0,108.44000244140624,106.83000183105467,107.66999816894533,5718300
2019-08-20 00:00:00-04:00,107.91000366210938,108.58000183105467,107.0199966430664,107.37000274658205,4358600
2019-08-21 00:00:00-04:00,108.54000091552734,110.0199966430664,108.39800262451172,109.81999969482422,5415900
2019-08-22 00:00:00-04:00,110.08000183105467,110.29000091552734,107.6500015258789,108.7699966430664,3863600
2019-08-23 00:00:00-04:00,108.93000030517578,110.13999938964844,105.51000213623048,106.04000091552734,7456400
2019-08-26 00:00:00-04:00,107.11000061035156,107.83000183105467,106.29000091552734,107.66000366210938,3666900
2019-08-27 00:00:00-04:00,108.38999938964844,108.72000122070312,106.9499969482422,107.4499969482422,4937400
2019-08-28 00:00:00-04:00,106.70999908447266,107.62999725341795,105.3499984741211,107.47000122070312,3256100
2019-08-29 00:00:00-04:00,108.95999908447266,109.76000213623048,108.77999877929688,109.20999908447266,3930900
2019-08-30 00:00:00-04:00,110.12999725341795,110.97000122070312,108.54000091552734,109.0500030517578,3957900
2019-09-03 00:00:00-04:00,107.91999816894533,108.86000061035156,106.45999908447266,106.75,4037700
2019-09-04 00:00:00-04:00,107.75,109.23500061035156,107.29000091552734,108.7300033569336,3691200
2019-09-05 00:00:00-04:00,110.0,111.62999725341795,109.51000213623048,111.45999908447266,5348700
2019-09-06 00:00:00-04:00,111.66000366210938,111.66999816894533,109.62000274658205,110.0500030517578,4675800
2019-09-09 00:00:00-04:00,110.62000274658205,110.7699966430664,103.9000015258789,105.43000030517578,10959000
2019-09-10 00:00:00-04:00,104.7699966430664,104.9499969482422,101.30999755859376,103.0500030517578,13428000
2019-09-11 00:00:00-04:00,104.1500015258789,104.4800033569336,103.11000061035156,104.0199966430664,7006300
2019-09-12 00:00:00-04:00,105.70999908447266,107.91500091552734,105.48999786376952,107.0999984741211,11585400
2019-09-13 00:00:00-04:00,106.66000366210938,107.29000091552734,105.25,107.0,8390200
2019-09-16 00:00:00-04:00,106.12999725341795,108.01000213623048,105.98999786376952,106.5199966430664,5215600
2019-09-17 00:00:00-04:00,106.80999755859376,107.8949966430664,106.45999908447266,107.5,4097400
2019-09-18 00:00:00-04:00,107.77999877929688,107.8000030517578,103.7300033569336,105.5999984741211,6624300
2019-09-19 00:00:00-04:00,105.63999938964844,107.0199966430664,105.5999984741211,106.12000274658205,5017100
2019-09-20 00:00:00-04:00,104.70999908447266,105.45999908447266,103.91000366210938,104.63999938964844,10427300
2019-09-23 00:00:00-04:00,104.7300033569336,105.31999969482422,104.3499984741211,105.11000061035156,3312800
2019-09-24 00:00:00-04:00,105.41000366210938,106.0999984741211,102.7300033569336,103.69000244140624,6367900
2019-09-25 00:00:00-04:00,103.33999633789062,104.46299743652344,101.54000091552734,104.13999938964844,5457300
2019-09-26 00:00:00-04:00,104.43000030517578,104.87000274658205,103.22000122070312,104.5500030517578,4719800
2019-09-27 00:00:00-04:00,104.87000274658205,105.16999816894533,101.0999984741211,102.1999969482422,7189400
2019-09-30 00:00:00-04:00,102.68000030517578,104.06999969482422,101.4800033569336,103.58999633789062,7390700
2019-10-01 00:00:00-04:00,104.0,104.64099884033205,102.2300033569336,102.52999877929688,5694500
2019-10-02 00:00:00-04:00,101.80999755859376,101.83000183105467,99.36000061035156,99.7300033569336,7879000
2019-10-03 00:00:00-04:00,99.54000091552734,101.30999755859376,98.61000061035156,101.02999877929688,4846100
2019-10-04 00:00:00-04:00,101.83999633789062,102.9800033569336,100.83999633789062,102.79000091552734,5458000
2019-10-07 00:00:00-04:00,102.11000061035156,102.60700225830078,101.5199966430664,101.62000274658205,3711300
2019-10-08 00:00:00-04:00,100.8499984741211,101.1500015258789,99.25,99.33000183105467,7027600
2019-10-09 00:00:00-04:00,99.44000244140624,100.69000244140624,99.38500213623048,99.88999938964844,4988600
2019-10-10 00:00:00-04:00,99.4000015258789,101.0,99.4000015258789,100.54000091552734,4281600
2019-10-11 00:00:00-04:00,101.77999877929688,103.95999908447266,101.47000122070312,101.58000183105467,4762900
2019-10-14 00:00:00-04:00,101.58999633789062,102.3499984741211,101.36699676513672,101.75,2953500
2019-10-15 00:00:00-04:00,102.01000213623048,103.66000366210938,101.9000015258789,103.58999633789062,4579600
2019-10-16 00:00:00-04:00,103.0,103.2300033569336,101.9000015258789,103.08999633789062,4327000
2019-10-17 00:00:00-04:00,103.88999938964844,104.33999633789062,102.83999633789062,103.62999725341795,3996300
2019-10-18 00:00:00-04:00,103.91999816894533,104.31999969482422,100.75,101.22000122070312,7260700
2019-10-21 00:00:00-04:00,102.36000061035156,102.7300033569336,100.46499633789062,101.44000244140624,6694400
2019-10-22 00:00:00-04:00,101.36000061035156,101.9499969482422,97.11499786376952,97.36000061035156,11298100
2019-10-23 00:00:00-04:00,97.41999816894533,97.5999984741211,94.7699966430664,96.63999938964844,16470200
2019-10-24 00:00:00-04:00,106.0749969482422,106.9800033569336,103.19000244140624,104.91000366210938,23689200
2019-10-25 00:00:00-04:00,104.45999908447266,107.48999786376952,104.41999816894533,107.19000244140624,12070900
2019-10-28 00:00:00-04:00,107.98999786376952,108.45999908447266,106.4499969482422,106.5999984741211,7004200
2019-10-29 00:00:00-04:00,106.83999633789062,107.0199966430664,104.69499969482422,105.0,5420900
2019-10-30 00:00:00-04:00,105.29000091552734,106.5999984741211,103.95999908447266,106.5,4204900
2019-10-31 00:00:00-04:00,106.47000122070312,106.5,103.26000213623048,104.0999984741211,7200500
2019-11-01 00:00:00-04:00,104.6999969482422,105.3000030517578,103.93000030517578,104.9800033569336,5489800
2019-11-04 00:00:00-05:00,105.72000122070312,105.76000213623048,102.6050033569336,102.80999755859376,5818400
2019-11-05 00:00:00-05:00,103.0500030517578,103.25,100.28500366210938,100.98999786376952,9236200
2019-11-06 00:00:00-05:00,101.1999969482422,101.33999633789062,100.16999816894533,100.62999725341795,7332200
2019-11-07 00:00:00-05:00,100.94000244140624,101.72000122070312,100.29000091552734,100.47000122070312,9088400
2019-11-08 00:00:00-05:00,100.0250015258789,101.70999908447266,99.5999984741211,101.41999816894533,5451300
2019-11-11 00:00:00-05:00,101.04000091552734,103.04000091552734,100.66000366210938,102.66999816894533,5391000
2019-11-12 00:00:00-05:00,102.97000122070312,103.08999633789062,100.91999816894533,102.02999877929688,6715200
2019-11-13 00:00:00-05:00,102.0,103.5999984741211,101.62999725341795,102.12000274658205,5246600
2019-11-14 00:00:00-05:00,101.87000274658205,103.8499984741211,101.37000274658205,103.7300033569336,4978400
2019-11-15 00:00:00-05:00,104.3499984741211,104.4800033569336,103.1050033569336,104.1999969482422,5639600
2019-11-18 00:00:00-05:00,103.8499984741211,104.1999969482422,102.9800033569336,103.66000366210938,4830400
2019-11-19 00:00:00-05:00,104.08000183105467,106.16999816894533,104.00800323486328,104.9499969482422,7954100
2019-11-20 00:00:00-05:00,105.22000122070312,105.37999725341795,103.12000274658205,104.08999633789062,5953500
2019-11-21 00:00:00-05:00,103.0,104.47000122070312,102.1500015258789,102.5500030517578,7525100
2019-11-22 00:00:00-05:00,102.91999816894533,103.2300033569336,100.72000122070312,101.7699966430664,6448800
2019-11-25 00:00:00-05:00,102.37999725341795,104.56999969482422,102.05999755859376,104.4499969482422,8336100
2019-11-26 00:00:00-05:00,104.8000030517578,106.77999877929688,104.5,106.1999969482422,13126400
2019-11-27 00:00:00-05:00,106.88999938964844,108.23999786376952,106.8000030517578,107.75,7553400
2019-11-29 00:00:00-05:00,107.97000122070312,108.38999938964844,106.9000015258789,108.01000213623048,4439500
2019-12-02 00:00:00-05:00,107.95999908447266,108.48999786376952,104.6500015258789,106.20999908447266,7182600
2019-12-03 00:00:00-05:00,105.0,106.12999725341795,104.51000213623048,105.58999633789062,8947500
2019-12-04 00:00:00-05:00,106.29000091552734,106.29000091552734,104.65499877929688,105.0,7848700
2019-12-05 00:00:00-05:00,105.4499969482422,105.5,104.11000061035156,104.58999633789062,5635800
2019-12-06 00:00:00-05:00,104.79000091552734,105.34400177001952,104.16000366210938,104.33999633789062,7018000
2019-12-09 00:00:00-05:00,104.5999984741211,105.0999984741211,103.5999984741211,103.77999877929688,5641300
2019-12-10 00:00:00-05:00,103.7699966430664,104.12999725341795,103.26000213623048,103.62000274658205,5316500
2019-12-11 00:00:00-05:00,103.72000122070312,105.87000274658205,103.58999633789062,105.51000213623048,5779700
2019-12-12 00:00:00-05:00,105.20999908447266,106.22000122070312,104.12999725341795,105.66999816894533,6379500
2019-12-13 00:00:00-05:00,105.83000183105467,107.90499877929688,105.5199966430664,107.6500015258789,6998800
2019-12-16 00:00:00-05:00,108.4000015258789,109.8280029296875,108.3499984741211,109.56999969482422,8465400
2019-12-17 00:00:00-05:00,109.56999969482422,109.5999984741211,107.66999816894533,108.45999908447266,8165900
2019-12-18 00:00:00-05:00,108.86000061035156,109.47000122070312,107.76000213623048,107.83000183105467,6477900
2019-12-19 00:00:00-05:00,107.8000030517578,108.94000244140624,107.45999908447266,108.87999725341795,6590000
2019-12-20 00:00:00-05:00,109.27999877929688,109.62000274658205,108.12999725341795,108.75,9823200
2019-12-23 00:00:00-05:00,109.0500030517578,109.4499969482422,108.37999725341795,108.61000061035156,4659000
2019-12-24 00:00:00-05:00,108.63999938964844,109.26000213623048,108.37999725341795,108.69000244140624,1680000
2019-12-26 00:00:00-05:00,109.12999725341795,109.75,108.56999969482422,109.75,4049900
2019-12-27 00:00:00-05:00,110.16699981689452,110.18000030517578,108.9000015258789,109.4000015258789,3379600
2019-12-30 00:00:00-05:00,109.5199966430664,109.5999984741211,107.7300033569336,107.97000122070312,3769200
2019-12-31 00:00:00-05:00,107.54000091552734,108.4499969482422,107.1999969482422,108.16999816894533,4080500
2020-01-02 00:00:00-05:00,109.47000122070312,111.20999908447266,109.2750015258789,110.75,7418800
2020-01-03 00:00:00-05:00,109.48999786376952,110.41999816894533,108.76000213623048,108.76000213623048,7098300
2020-01-06 00:00:00-05:00,107.56999969482422,110.22000122070312,107.44000244140624,110.16999816894533,6764500
2020-01-07 00:00:00-05:00,111.5,111.55999755859376,109.52999877929688,109.66999816894533,6898700
2020-01-08 00:00:00-05:00,110.4000015258789,112.63999938964844,109.81999969482422,111.81999969482422,8293600
2020-01-09 00:00:00-05:00,112.98999786376952,113.55999755859376,111.58999633789062,112.56999969482422,5944700
2020-01-10 00:00:00-05:00,113.63999938964844,113.70999908447266,112.2699966430664,112.93000030517578,6965100
2020-01-13 00:00:00-05:00,113.9800033569336,115.87999725341795,113.86000061035156,115.27999877929688,9652500
2020-01-14 00:00:00-05:00,115.51499938964844,115.58999633789062,114.12000274658205,114.63999938964844,7182000
2020-01-15 00:00:00-05:00,115.13999938964844,115.9499969482422,114.61000061035156,114.8499984741211,5955200
2020-01-16 00:00:00-05:00,115.91999816894533,116.0,114.8499984741211,115.4000015258789,4770900
2020-01-17 00:00:00-05:00,116.4499969482422,116.6999969482422,115.47000122070312,116.04000091552734,9730400
2020-01-21 00:00:00-05:00,115.30999755859376,116.38999938964844,115.11000061035156,116.1500015258789,8746200
2020-01-22 00:00:00-05:00,116.7300033569336,117.4499969482422,115.47000122070312,115.5,5305300
2020-01-23 00:00:00-05:00,117.4000015258789,117.94000244140624,115.8000030517578,117.88999938964844,8533900
2020-01-24 00:00:00-05:00,118.4499969482422,119.5999984741211,116.51000213623048,116.9800033569336,7124000
2020-01-27 00:00:00-05:00,113.62999725341795,115.9800033569336,112.30999755859376,115.23999786376952,7002300
2020-01-28 00:00:00-05:00,115.83000183105467,117.20999908447266,114.71499633789062,116.5199966430664,6433000
2020-01-29 00:00:00-05:00,117.47000122070312,117.52999877929688,115.16000366210938,116.66000366210938,9236800
2020-01-30 00:00:00-05:00,112.79000091552734,117.1999969482422,112.41999816894533,117.12000274658205,13653300
2020-01-31 00:00:00-05:00,116.75,117.31999969482422,113.1500015258789,113.88999938964844,9467200
2020-02-03 00:00:00-05:00,114.3000030517578,117.23999786376952,114.0500030517578,116.51000213623048,8234700
2020-02-04 00:00:00-05:00,118.04000091552734,120.33999633789062,117.3000030517578,120.08000183105467,7396800
2020-02-05 00:00:00-05:00,121.1999969482422,122.19000244140624,118.89099884033205,119.72000122070312,7595300
2020-02-06 00:00:00-05:00,120.08999633789062,120.5999984741211,119.47000122070312,119.88999938964844,4020300
2020-02-07 00:00:00-05:00,119.5999984741211,119.66999816894533,118.41000366210938,118.87999725341795,4166300
2020-02-10 00:00:00-05:00,118.55999755859376,120.1500015258789,118.5,120.05999755859376,4868000
2020-02-11 00:00:00-05:00,120.76000213623048,121.0,118.4000015258789,118.83999633789062,4677400
2020-02-12 00:00:00-05:00,118.8499984741211,119.91000366210938,117.87000274658205,118.55999755859376,6482300
2020-02-13 00:00:00-05:00,118.04000091552734,121.0999984741211,117.8000030517578,120.51000213623048,6066300
2020-02-14 00:00:00-05:00,120.88999938964844,123.0,120.8000030517578,122.98999786376952,5769900
2020-02-18 00:00:00-05:00,122.58000183105467,122.98999786376952,121.68000030517578,122.2699966430664,5085700
2020-02-19 00:00:00-05:00,122.62999725341795,124.4499969482422,122.3000030517578,123.91000366210938,4878600
2020-02-20 00:00:00-05:00,123.86000061035156,124.30999755859376,120.4000015258789,122.43000030517578,7212900
2020-02-21 00:00:00-05:00,121.72000122070312,121.8499984741211,118.52999877929688,119.48999786376952,5894500
2020-02-24 00:00:00-05:00,114.29000091552734,116.79000091552734,113.5199966430664,116.44000244140624,10139300
2020-02-25 00:00:00-05:00,115.66999816894533,116.41500091552734,109.33000183105467,109.66000366210938,13636100
2020-02-26 00:00:00-05:00,109.80999755859376,112.62999725341795,108.5999984741211,109.11000061035156,10301800
2020-02-27 00:00:00-05:00,106.3000030517578,112.0500030517578,106.3000030517578,107.83999633789062,15461900
2020-02-28 00:00:00-05:00,104.26000213623048,108.7300033569336,103.72000122070312,107.98999786376952,17213100
2020-03-02 00:00:00-05:00,107.45999908447266,113.0500030517578,106.52999877929688,112.86000061035156,13367000
2020-03-03 00:00:00-05:00,112.81999969482422,114.55999755859376,108.26000213623048,109.76000213623048,11912300
2020-03-04 00:00:00-05:00,112.04000091552734,115.38999938964844,110.62000274658205,115.3000030517578,8245200
2020-03-05 00:00:00-05:00,112.02999877929688,114.9000015258789,111.23999786376952,112.18000030517578,7671500
2020-03-06 00:00:00-05:00,107.9499969482422,111.56999969482422,107.58000183105467,110.88999938964844,8524300
2020-03-09 00:00:00-04:00,102.72000122070312,106.98999786376952,99.70999908447266,101.62999725341795,12458900
2020-03-10 00:00:00-04:00,105.3000030517578,109.73999786376952,103.16999816894533,109.73999786376952,11748500
2020-03-11 00:00:00-04:00,106.6500015258789,107.75,101.9800033569336,103.9000015258789,10756400
2020-03-12 00:00:00-04:00,96.55999755859376,104.77999877929688,94.5,96.95999908447266,20114400
2020-03-13 00:00:00-04:00,100.5199966430664,110.5999984741211,99.77999877929688,110.1500015258789,19170600
2020-03-16 00:00:00-04:00,94.0,103.15499877929688,91.2300033569336,92.72000122070312,16204900
2020-03-17 00:00:00-04:00,94.5,101.08000183105467,90.5199966430664,97.87000274658205,17969400
2020-03-18 00:00:00-04:00,91.8550033569336,95.0999984741211,86.1500015258789,91.45999908447266,16073300
2020-03-19 00:00:00-04:00,91.55999755859376,98.05999755859376,87.04000091552734,93.69000244140624,12181600
2020-03-20 00:00:00-04:00,95.63999938964844,96.2300033569336,86.20999908447266,86.68000030517578,14874400
2020-03-23 00:00:00-04:00,86.29000091552734,88.1500015258789,82.06999969482422,85.26000213623047,12969700
2020-03-24 00:00:00-04:00,89.4000015258789,98.0,89.4000015258789,97.29000091552734,13936500
2020-03-25 00:00:00-04:00,97.43000030517578,100.41999816894533,95.2699966430664,95.70999908447266,11814400
2020-03-26 00:00:00-04:00,96.30999755859376,100.93000030517578,95.63500213623048,100.62999725341795,9451200
2020-03-27 00:00:00-04:00,97.0,97.1050033569336,93.05999755859376,93.4800033569336,11312000
2020-03-30 00:00:00-04:00,95.5,98.26000213623048,94.37000274658205,97.02999877929688,8948600
2020-03-31 00:00:00-04:00,96.37999725341795,99.43099975585938,94.87000274658205,95.73999786376952,9881400
2020-04-01 00:00:00-04:00,92.72000122070312,94.66999816894533,90.37999725341795,91.37999725341795,9628400
2020-04-02 00:00:00-04:00,91.0999984741211,94.68000030517578,90.91999816894533,93.5199966430664,7077200
2020-04-03 00:00:00-04:00,92.79000091552734,92.9499969482422,89.87999725341797,92.38999938964844,7699500
2020-04-06 00:00:00-04:00,97.8000030517578,102.5,96.26000213623048,101.66999816894533,11999000
2020-04-07 00:00:00-04:00,105.25499725341795,106.2300033569336,99.9000015258789,100.27999877929688,10291500
2020-04-08 00:00:00-04:00,101.61000061035156,105.50499725341795,100.75,105.05999755859376,9385900
2020-04-09 00:00:00-04:00,105.62999725341795,108.6999969482422,104.77999877929688,105.83999633789062,10894900
2020-04-13 00:00:00-04:00,104.8499984741211,106.29000091552734,102.33999633789062,105.9800033569336,7716200
2020-04-14 00:00:00-04:00,109.0,110.9800033569336,107.93000030517578,109.78500366210938,8417900
2020-04-15 00:00:00-04:00,107.45999908447266,109.08999633789062,106.41999816894533,107.9499969482422,7821000
2020-04-16 00:00:00-04:00,109.5,109.5250015258789,106.56999969482422,108.30999755859376,9575600
2020-04-17 00:00:00-04:00,110.3000030517578,112.12000274658205,110.0540008544922,111.8499984741211,11069800
2020-04-20 00:00:00-04:00,110.9000015258789,114.3000030517578,110.0250015258789,112.16999816894533,10730700
2020-04-21 00:00:00-04:00,111.12000274658205,112.8499984741211,107.41000366210938,107.54000091552734,11736600
2020-04-22 00:00:00-04:00,110.29000091552734,116.0,109.91000366210938,115.19000244140624,12874300
2020-04-23 00:00:00-04:00,115.94000244140624,118.38500213623048,115.0,115.23999786376952,7563200
2020-04-24 00:00:00-04:00,115.47000122070312,120.47000122070312,115.4000015258789,120.18000030517578,10677500
2020-04-27 00:00:00-04:00,121.25,122.38700103759766,120.05500030517578,120.52999877929688,6678200
2020-04-28 00:00:00-04:00,121.66000366210938,122.0,115.90299987792967,116.13999938964844,9192300
2020-04-29 00:00:00-04:00,119.3000030517578,124.02999877929688,118.6449966430664,123.58000183105467,9891500
2020-04-30 00:00:00-04:00,121.3499984741211,123.4499969482422,120.62000274658205,123.0,7569800
2020-05-01 00:00:00-04:00,119.8499984741211,122.6999969482422,119.43000030517578,120.61000061035156,5613800
2020-05-04 00:00:00-04:00,121.26000213623048,124.18000030517578,120.30999755859376,123.66000366210938,7674400
2020-05-05 00:00:00-04:00,124.94000244140624,127.94000244140624,124.8499984741211,125.43000030517578,9241900
2020-05-06 00:00:00-04:00,127.0500030517578,129.58999633789062,126.12000274658205,128.30999755859375,14031200
2020-05-07 00:00:00-04:00,139.9199981689453,147.1999969482422,139.27999877929688,146.2899932861328,35487900
2020-05-08 00:00:00-04:00,143.25,146.39999389648438,142.11000061035156,144.9600067138672,13159500
2020-05-11 00:00:00-04:00,142.9600067138672,145.27000427246094,142.17999267578125,143.9600067138672,10273400
2020-05-12 00:00:00-04:00,144.0,145.64999389648438,140.91000366210938,141.02999877929688,9757600
2020-05-13 00:00:00-04:00,140.1999969482422,145.10000610351562,139.61000061035156,143.72999572753906,11142600
2020-05-14 00:00:00-04:00,142.07000732421875,144.6999969482422,141.42999267578125,144.41000366210938,9272900
2020-05-15 00:00:00-04:00,142.89999389648438,145.88999938964844,141.6300048828125,145.50999450683594,8361200
2020-05-18 00:00:00-04:00,148.125,149.17999267578125,145.99000549316406,146.24000549316406,8576400
2020-05-19 00:00:00-04:00,146.75,149.72000122070312,145.22000122070312,145.38999938964844,7779100
2020-05-20 00:00:00-04:00,148.0,151.0800018310547,147.89999389648438,150.94000244140625,7811300
2020-05-21 00:00:00-04:00,150.5800018310547,150.74000549316406,148.0399932861328,148.22000122070312,5612700
2020-05-22 00:00:00-04:00,148.25999450683594,151.0,147.36000061035156,150.86000061035156,5724100
2020-05-26 00:00:00-04:00,154.1199951171875,154.5500030517578,146.2899932861328,147.0,10267500
2020-05-27 00:00:00-04:00,145.47999572753906,146.39999389648438,140.02000427246094,145.9600067138672,9554800
2020-05-28 00:00:00-04:00,144.72999572753906,151.94500732421875,144.50999450683594,148.7899932861328,10026700
2020-05-29 00:00:00-04:00,150.5,155.3300018310547,148.92999267578125,155.00999450683594,9861900
2020-06-01 00:00:00-04:00,154.89999389648438,155.97000122070312,153.0500030517578,154.52999877929688,5658300
2020-06-02 00:00:00-04:00,156.0,157.60000610351562,154.61000061035156,157.49000549316406,6344400
2020-06-03 00:00:00-04:00,157.49000549316406,158.27099609375,155.1199951171875,156.77999877929688,6732800
2020-06-04 00:00:00-04:00,156.6999969482422,159.47999572753906,153.63499450683594,154.60000610351562,7554500
2020-06-05 00:00:00-04:00,152.97999572753906,156.33999633789062,150.0,156.0,8446100
2020-06-08 00:00:00-04:00,154.27999877929688,156.2100067138672,153.11000061035156,156.08999633789062,5494400
2020-06-09 00:00:00-04:00,155.7899932861328,158.2100067138672,155.59500122070312,156.86000061035156,7265600
2020-06-10 00:00:00-04:00,157.60000610351562,160.88999938964844,157.60000610351562,159.91000366210938,5881800
2020-06-11 00:00:00-04:00,158.33999633789062,159.5,152.9149932861328,153.0399932861328,9041700
2020-06-12 00:00:00-04:00,157.05999755859375,157.2100067138672,151.88999938964844,155.25999450683594,7038100
2020-06-15 00:00:00-04:00,152.6300048828125,157.9199981689453,152.22000122070312,157.5500030517578,5115000
2020-06-16 00:00:00-04:00,160.19000244140625,162.8300018310547,158.3000030517578,161.22000122070312,6537300
2020-06-17 00:00:00-04:00,162.83999633789062,164.9600067138672,161.66000366210938,163.8300018310547,5582600
2020-06-18 00:00:00-04:00,164.72000122070312,168.8300018310547,164.30999755859375,168.0500030517578,8583700
2020-06-19 00:00:00-04:00,170.60000610351562,171.1199951171875,164.00999450683594,164.36000061035156,11332700
2020-06-22 00:00:00-04:00,165.5800018310547,170.89999389648438,165.5500030517578,170.25999450683594,7793800
2020-06-23 00:00:00-04:00,172.0,175.39999389648438,170.39999389648438,172.7899932861328,7693900
2020-06-24 00:00:00-04:00,170.59500122070312,173.47999572753906,164.2899932861328,168.0,8931800
2020-06-25 00:00:00-04:00,169.0,172.77999877929688,168.19000244140625,172.5,6650700
2020-06-26 00:00:00-04:00,173.7100067138672,173.7100067138672,168.60000610351562,170.8699951171875,8158700
2020-06-29 00:00:00-04:00,171.47999572753906,171.47999572753906,165.55999755859375,168.35000610351562,5423700
2020-06-30 00:00:00-04:00,170.6999969482422,174.69000244140625,169.41000366210938,174.22999572753906,6831900
2020-07-01 00:00:00-04:00,174.625,178.23500061035156,172.55999755859375,177.42999267578125,6869600
2020-07-02 00:00:00-04:00,179.69000244140625,179.8000030517578,176.72000122070312,177.2100067138672,5943600
2020-07-06 00:00:00-04:00,180.2899932861328,181.2400054931641,174.4600067138672,176.17999267578125,8348300
2020-07-07 00:00:00-04:00,177.69000244140625,179.9499969482422,176.30999755859375,177.27999877929688,5529400
2020-07-08 00:00:00-04:00,178.88999938964844,182.63999938964844,178.5,181.57000732421875,7233500
2020-07-09 00:00:00-04:00,183.3999938964844,183.9900054931641,179.14999389648438,183.22999572753903,6340000
2020-07-10 00:00:00-04:00,181.6300048828125,182.52000427246097,177.1300048828125,178.39999389648438,7583200
2020-07-13 00:00:00-04:00,180.4199981689453,180.66000366210935,170.74000549316406,171.50999450683594,10234800
2020-07-14 00:00:00-04:00,168.75,172.60000610351562,164.3300018310547,172.3000030517578,10624500
2020-07-15 00:00:00-04:00,172.99000549316406,173.36000061035156,169.00999450683594,172.05999755859375,6659700
2020-07-16 00:00:00-04:00,169.89999389648438,171.33999633789062,166.5,169.80999755859375,6630600
2020-07-17 00:00:00-04:00,171.5,174.55999755859375,169.5399932861328,173.9199981689453,7354000
2020-07-20 00:00:00-04:00,174.64999389648438,179.63999938964844,172.67999267578125,178.82000732421875,6025000
2020-07-21 00:00:00-04:00,179.25,179.4600067138672,174.32000732421875,175.5800018310547,5698400
2020-07-22 00:00:00-04:00,176.16000366210938,179.49000549316406,175.72999572753906,178.4199981689453,4669000
2020-07-23 00:00:00-04:00,178.14999389648438,180.75,171.94000244140625,173.86000061035156,6999600
2020-07-24 00:00:00-04:00,171.0800018310547,173.60000610351562,169.0800018310547,172.55999755859375,6256100
2020-07-27 00:00:00-04:00,173.9199981689453,178.4600067138672,172.38999938964844,177.97999572753906,6868800
2020-07-28 00:00:00-04:00,178.00999450683594,179.5800018310547,176.00999450683594,176.27000427246094,6125700
2020-07-29 00:00:00-04:00,178.4499969482422,185.44000244140625,178.27000427246094,184.6000061035156,15436600
2020-07-30 00:00:00-04:00,191.80999755859375,198.66000366210935,189.13099670410156,192.5099945068359,16803600
